date,USD,JPY,GBP,CNY,INR,KRW,TWD,HKD
2001-02-28,0.92259999999999998,108.44,0.63839999999999997,7.6375999999999999,42.858899999999998,1157.4000000000001,29.8414,7.2018000000000004
2001-03-30,0.87670000000000003,110.8,0.61990000000000001,7.2827000000000002,41.101900000000001,1171.0999999999999,28.894300000000001,6.8616999999999999
2001-04-30,0.88600000000000001,109.70999999999999,0.61995,7.3338000000000001,41.558399999999999,1168.1900000000001,29.160900000000002,6.9116
2001-05-31,0.84570000000000001,100.81,0.59614999999999996,6.9999000000000002,39.874299999999998,1082.49,28.6692,6.5965999999999996
2001-06-29,0.84899999999999998,105.93000000000001,0.60019999999999996,7.0128000000000004,39.906199999999998,1101.9100000000001,29.172499999999999,6.6086
2001-07-31,0.87360000000000004,109.52,0.61319999999999997,7.2308000000000003,41.295000000000002,1135.6800000000001,30.357600000000001,6.8150000000000004
2001-08-31,0.9123,108.36,0.62580000000000002,7.532,43.232100000000003,1164.3399999999999,31.4359,7.0976999999999997
2001-09-28,0.91139999999999999,108.84999999999999,0.61909999999999998,7.5359999999999996,43.8874,1185.74,31.453199999999999,7.1005000000000003
2001-10-31,0.90229999999999999,110.23999999999999,0.61914999999999998,7.4682000000000004,43.431199999999997,1164.4100000000001,31.152799999999999,7.0372000000000003
2001-11-30,0.89639999999999997,110.68000000000001,0.62849999999999995,7.4173999999999998,42.5533,1136.25,30.8383,6.9892000000000003
2001-12-31,0.89029999999999998,117.14,0.61250000000000004,7.3685999999999998,42.698999999999998,1169.4000000000001,31.1159,6.9508000000000001
2002-01-31,0.85929999999999995,115.75,0.60845000000000005,7.1120999999999999,41.893300000000004,1126.97,29.9801,6.7050000000000001
2002-02-28,0.86939999999999995,115.95999999999999,0.6129,7.1773999999999996,42.191000000000003,1142.96,30.4482,6.7675000000000001
2002-03-29,0.87170000000000003,115.67,0.61119999999999997,7.2112999999999996,42.571599999999997,1156.0799999999999,30.448399999999999,6.7983000000000002
2002-04-30,0.90169999999999995,115.68000000000001,0.61824999999999997,7.4635999999999996,44.094200000000001,1165.4400000000001,31.240200000000002,7.0309999999999997
2002-05-31,0.93420000000000003,116.03,0.63724999999999998,7.7012999999999998,46.024000000000001,1129.9000000000001,31.637,7.2576999999999998
2002-06-28,0.99150000000000005,118.58,0.64770000000000005,8.1902000000000008,48.762700000000002,1188.8800000000001,33.058199999999999,7.7435
2002-07-31,0.97940000000000005,117.18000000000001,0.62605,8.1060999999999996,47.621200000000002,1163.52,32.844099999999997,7.649
2002-08-30,0.98229999999999995,116.34,0.63370000000000004,8.1153999999999993,47.798000000000002,1179.05,33.5154,7.6550000000000002
2002-09-30,0.9879,120.18000000000001,0.62939999999999996,8.1769999999999996,47.644500000000001,1207.7,34.434199999999997,7.7140000000000004
2002-10-31,0.98950000000000005,121.28,0.63249999999999995,8.1798000000000002,47.721699999999998,1207.1900000000001,34.293100000000003,7.7198000000000002
2002-11-29,0.99429999999999996,121.87,0.63895000000000002,8.2225999999999999,47.951599999999999,1188.3499999999999,34.466900000000003,7.7529000000000003
2002-12-31,1.0504,124.62,0.65215000000000001,8.6925000000000008,50.321399999999997,1245.01,36.3553,8.1899999999999995
2003-01-31,1.0768,129.19,0.65244999999999997,8.8824000000000005,51.739800000000002,1259.25,37.254800000000003,8.3701000000000008
2003-02-28,1.0807,127.62,0.68474999999999997,8.9278999999999993,51.390099999999997,1287.4100000000001,37.509599999999999,8.4123999999999999
2003-03-31,1.0902000000000001,128.87,0.69035000000000002,9.0223999999999993,51.7485,1367.3199999999999,37.874000000000002,8.5015000000000001
2003-04-30,1.1164000000000001,132.94,0.69750000000000001,9.2431000000000001,52.695,1357.0699999999999,38.914200000000001,8.7082999999999995
2003-05-30,1.1783999999999999,140.63999999999999,0.71814999999999996,9.7388999999999992,55.700400000000002,1419.04,40.839799999999997,9.1762999999999995
2003-06-30,1.1483000000000001,137.91,0.69469999999999998,9.5067000000000004,53.112000000000002,1370.22,39.745600000000003,8.9564000000000004
2003-07-31,1.1235999999999999,135.38,0.69894999999999996,9.3008000000000006,52.1736,1325.9100000000001,38.669899999999998,8.7637999999999998
2003-08-29,1.0984,128.41999999999999,0.69620000000000004,9.0808,50.026800000000001,1292.55,37.377099999999999,8.5547000000000004
2003-09-30,1.1667000000000001,129.97999999999999,0.70184999999999997,9.6560000000000006,53.469299999999997,1340.4200000000001,39.349499999999999,9.0349000000000004
2003-10-31,1.1593,127.45999999999999,0.68359999999999999,9.5999999999999996,52.770400000000002,1372.6800000000001,39.4041,9.0068000000000001
2003-11-28,1.1996,131.5,0.69635000000000002,9.9250000000000007,54.9343,1441.3800000000001,40.949300000000001,9.3142999999999994
2003-12-31,1.2564,135,0.70445000000000002,10.398,57.517000000000003,1498.3299999999999,42.680900000000001,9.7539999999999996
2004-01-30,1.2478,131.88999999999999,0.68364999999999998,10.313700000000001,56.183900000000001,1462.2,41.526299999999999,9.6896000000000004
2004-02-27,1.2493000000000001,136.28999999999999,0.66915000000000002,10.33,56.126399999999997,1467.8,41.491,9.7147000000000006
2004-03-31,1.2295,128.36000000000001,0.66800000000000004,10.1762,53.309699999999999,1409.5999999999999,40.512099999999997,9.5829000000000004
2004-04-30,1.198,132.34999999999999,0.67454999999999998,9.8945000000000007,53.248699999999999,1404.9100000000001,39.956400000000002,9.3413000000000004
2004-05-31,1.2189000000000001,133.44,0.66544999999999999,10.0878,55.471899999999998,1416.8,40.699399999999997,9.4991000000000003
2004-06-30,1.2169000000000001,132.66999999999999,0.67074999999999996,10.0717,55.995100000000001,1406.23,41.1008,9.4922000000000004
2004-07-30,1.2019,133.84,0.66095000000000004,9.9365000000000006,56.0242,1404.1600000000001,40.987699999999997,9.3653999999999993
2004-08-31,1.2184999999999999,133.00999999999999,0.67535000000000001,10.0845,56.169899999999998,1403.51,41.491199999999999,9.5039999999999996
2004-09-30,1.2427999999999999,136.84999999999999,0.68594999999999995,10.286899999999999,56.679299999999998,1431.2,42.236199999999997,9.6898999999999997
2004-10-29,1.2798,135.38,0.69535000000000002,10.559699999999999,57.891800000000003,1429.4000000000001,42.648499999999999,9.9300999999999995
2004-11-30,1.3278000000000001,136.84,0.69525000000000003,10.9893,59.217300000000002,1392.1700000000001,42.787500000000001,10.3248
2004-12-31,1.3553999999999999,139.09999999999999,0.70755000000000001,11.2151,59.331600000000002,1402.73,43.072400000000002,10.5375
2005-01-31,1.3046,135.18000000000001,0.69294,10.7972,56.8491,1339.74,41.433300000000003,10.175800000000001
2005-02-28,1.3253999999999999,138.38,0.68915000000000004,10.9697,57.908700000000003,1335.2,41.178600000000003,10.337199999999999
2005-03-31,1.2968,138.90000000000001,0.68674999999999997,10.732799999999999,56.690300000000001,1318.2,40.873199999999997,10.113799999999999
2005-04-29,1.2873000000000001,134.84,0.67544999999999999,10.6807,56.3996,1286.8900000000001,40.354599999999998,10.0596
2005-05-31,1.2338,133.56999999999999,0.67700000000000005,10.211,53.899000000000001,1242.5999999999999,38.686999999999998,9.5992999999999995
2005-06-30,1.2094,134.28,0.67484999999999995,10.0138,52.451000000000001,1251.1199999999999,38.277500000000003,9.3986000000000001
2005-07-29,1.2122999999999999,136.37,0.68955,9.8308999999999997,52.5914,1245.54,38.680799999999998,9.4269999999999996
2005-08-31,1.2333000000000001,136.56999999999999,0.68386999999999998,9.9894999999999996,53.8155,1275.8499999999999,39.877299999999998,9.5854999999999997
2005-09-30,1.2025999999999999,136.50999999999999,0.68120000000000003,9.7347000000000001,53.046900000000001,1254.01,39.922699999999999,9.3307000000000002
2005-10-31,1.1986000000000001,139.58000000000001,0.67766000000000004,9.6905000000000001,54.418999999999997,1250.79,40.214700000000001,9.2920999999999996
2005-11-30,1.1787000000000001,141.22999999999999,0.68032000000000004,9.5244,54.121200000000002,1222.78,39.502899999999997,9.1400000000000006
2005-12-30,1.1849000000000001,139.47999999999999,0.68850999999999996,9.5498999999999992,53.302999999999997,1195.1800000000001,38.841799999999999,9.1740999999999993
2006-01-31,1.2173,142.46000000000001,0.68254999999999999,9.8130000000000006,53.407299999999999,1174.22,38.932499999999997,9.4429999999999996
2006-02-28,1.1922999999999999,138.00999999999999,0.68000000000000005,9.5859000000000005,52.787199999999999,1157.6700000000001,38.688499999999998,9.2507999999999999
2006-03-31,1.2118,142.71000000000001,0.69804999999999995,9.7312999999999992,54.161200000000001,1179.3900000000001,39.397500000000001,9.4196000000000009
2006-04-28,1.2635000000000001,143.78,0.69345999999999997,10.1205,56.676699999999997,1191.1199999999999,40.267200000000003,9.7912999999999997
2006-05-31,1.2828999999999999,144.28999999999999,0.68503000000000003,10.2865,59.492699999999999,1213.3299999999999,41.100900000000003,9.9524000000000008
2006-06-30,1.2790999999999999,146.41999999999999,0.69221999999999995,10.219900000000001,58.857500000000002,1212.8199999999999,41.392699999999998,9.9300999999999995
2006-07-31,1.2766,146.38999999999999,0.68330000000000002,10.1724,59.436999999999998,1219.95,41.795099999999998,9.9198000000000004
2006-08-31,1.2795000000000001,150.41999999999999,0.67264999999999997,10.176299999999999,59.554200000000002,1230.3399999999999,42.097499999999997,9.9518000000000004
2006-09-29,1.2674000000000001,149.78999999999999,0.67779999999999996,10.0267,58.258099999999999,1200.4100000000001,41.987099999999998,9.8841000000000001
2006-10-31,1.2769999999999999,149.28999999999999,0.66920000000000002,10.062099999999999,57.503700000000002,1203.3800000000001,42.478900000000003,9.9324999999999992
2006-11-30,1.3254999999999999,153.36000000000001,0.67357999999999996,10.384,59.300699999999999,1232.1199999999999,42.975299999999997,10.3104
2006-12-29,1.3197000000000001,157.12,0.67390000000000005,10.296900000000001,58.381100000000004,1226.72,42.988500000000002,10.2597
2007-01-31,1.3008999999999999,157.28999999999999,0.66295999999999999,10.112299999999999,57.448799999999999,1224.8199999999999,42.864199999999997,10.1579
2007-02-28,1.3228,156.84999999999999,0.67430000000000001,10.2387,58.561399999999999,1246.4300000000001,43.630899999999997,10.3329
2007-03-30,1.3354999999999999,157.36000000000001,0.67918000000000001,10.3293,58.120600000000003,1257.54,44.206200000000003,10.448499999999999
2007-04-30,1.3668,163.05000000000001,0.68294999999999995,10.536,56.295200000000001,1271.73,45.5869,10.690300000000001
2007-05-31,1.3447,163.77000000000001,0.6794,10.289099999999999,54.650300000000001,1248.4200000000001,44.509599999999999,10.501099999999999
2007-06-29,1.3541000000000001,166.80000000000001,0.67449999999999999,10.3071,55.1355,1249.0599999999999,44.446899999999999,10.584300000000001
2007-07-31,1.3693,162.30000000000001,0.67254000000000003,10.3697,55.378500000000003,1258.73,45.0396,10.7182
2007-08-31,1.363,157.78999999999999,0.67618999999999996,10.289,55.822400000000002,1279.51,45.0289,10.631399999999999
2007-09-28,1.4267000000000001,163.78999999999999,0.69757999999999998,10.684900000000001,56.614600000000003,1300.7,46.505899999999997,11.0557
2007-10-31,1.4464999999999999,167.21000000000001,0.69589000000000001,10.7974,56.923699999999997,1306.5699999999999,46.868400000000001,11.2126
2007-11-30,1.4633,162.81999999999999,0.71440000000000003,10.8596,58.180300000000003,1359.27,47.420299999999997,11.446899999999999
2007-12-31,1.4582999999999999,163.03999999999999,0.73545000000000005,10.638299999999999,57.467300000000002,1364.96,47.283299999999997,11.3688
2008-01-31,1.4849000000000001,158.18000000000001,0.74660000000000004,10.664300000000001,58.473500000000001,1401.1500000000001,47.7455,11.5776
2008-02-29,1.5179,157.46000000000001,0.76439999999999997,10.791700000000001,60.7303,1428.1199999999999,46.943899999999999,11.805300000000001
2008-03-31,1.5809,157.40000000000001,0.79576000000000002,11.085900000000001,63.419800000000002,1566.72,48.027700000000003,12.3024
2008-04-30,1.5570999999999999,162.36000000000001,0.78532999999999997,10.881399999999999,63.204900000000002,1566.5,47.440100000000001,12.137600000000001
2008-05-30,1.5555000000000001,164.15000000000001,0.78578000000000003,10.7896,65.602699999999999,1597.3299999999999,47.154400000000003,12.1289
2008-06-30,1.5736000000000001,167.31999999999999,0.79039999999999999,10.7859,67.750200000000007,1647.6099999999999,47.774500000000003,12.27
2008-07-31,1.5590999999999999,168.38999999999999,0.78674999999999995,10.650600000000001,66.246099999999998,1578.2,47.887700000000002,12.164199999999999
2008-08-29,1.4674,159.65000000000001,0.80564000000000002,10.012600000000001,64.348600000000005,1594.9200000000001,46.229500000000002,11.426399999999999
2008-09-30,1.4066000000000001,149.56,0.79017999999999999,9.6282999999999994,66.066599999999994,1697.3399999999999,45.296500000000002,10.921799999999999
2008-10-31,1.2726,125.3,0.78813,8.702,62.916200000000003,1713.1800000000001,42.012,9.8619000000000003
2008-11-28,1.2690999999999999,121.22,0.82625000000000004,8.6949000000000005,63.656500000000001,1866.3099999999999,42.319099999999999,9.8462999999999994
2008-12-31,1.3951,126.65000000000001,0.95694999999999997,9.5203000000000007,67.910600000000002,1806.6900000000001,46.229199999999999,10.814299999999999
2009-01-30,1.2813000000000001,115.23999999999999,0.88122999999999996,8.7783999999999995,62.796900000000001,1767.6500000000001,43.433599999999998,9.9358000000000004
2009-02-27,1.2668999999999999,123.61,0.88509000000000004,8.6986000000000008,65.037800000000004,1943.5599999999999,44.375900000000001,9.8262
2009-03-31,1.3229,131.41999999999999,0.92518,9.0411999999999999,67.131,1829.6300000000001,45.0274,10.2529
2009-04-30,1.3209,130.63,0.89407999999999999,9.0096000000000007,66.090999999999994,1693.8499999999999,44.2438,10.236700000000001
2009-05-29,1.4157999999999999,134.97,0.87395,9.6417000000000002,66.506600000000006,1771.9100000000001,45.676400000000001,10.9445
2009-06-30,1.405,135.31999999999999,0.85335000000000005,9.5961999999999996,67.299300000000002,1788.79,46.2911,10.8888
2009-07-31,1.4257,134.99000000000001,0.85282999999999998,9.7411999999999992,68.472300000000004,1751.48,46.308599999999998,11.049799999999999
2009-08-31,1.4341999999999999,133.13,0.88078999999999996,9.7967999999999993,70.146699999999996,1792.3699999999999,47.004899999999999,11.116199999999999
2009-09-30,1.4642999999999999,131.31999999999999,0.9143,9.9957999999999991,70.444800000000001,1722.99,46.949599999999997,11.348800000000001
2009-10-30,1.4719,132.61000000000001,0.89441999999999999,10.0486,69.165099999999995,1739.8900000000001,48.2239,11.4076
2009-11-30,1.4976,129.25999999999999,0.91332000000000002,10.224399999999999,69.707599999999999,1741.4100000000001,48.459899999999998,11.606299999999999
2009-12-31,1.4331,133.50999999999999,0.88759999999999994,9.7857000000000003,66.721699999999998,1658.3900000000001,46.090400000000002,11.1114
2010-01-29,1.3863000000000001,125.13,0.86714999999999998,9.4638000000000009,64.046999999999997,1610.3599999999999,44.599299999999999,10.7639
2010-02-26,1.3631,121.26000000000001,0.89459999999999995,9.3043999999999993,62.698500000000003,1581.05,43.496499999999997,10.5814
2010-03-31,1.3532999999999999,126.45999999999999,0.89083999999999997,9.2368000000000006,60.844999999999999,1531.27,42.662100000000002,10.5083
2010-04-30,1.3293999999999999,124.78,0.87053000000000003,9.0734999999999992,58.856999999999999,1473.3699999999999,41.659100000000002,10.3218
2010-05-31,1.2295,112.03,0.84606000000000003,8.3939000000000004,56.979999999999997,1477.8399999999999,39.352400000000003,9.5733999999999995
2010-06-30,1.2257,108.56999999999999,0.81918000000000002,8.3124000000000002,56.948999999999998,1497.48,39.2971,9.5437999999999992
2010-07-30,1.3051999999999999,112.84,0.83157000000000003,8.8417999999999992,60.5533,1543.6700000000001,41.735700000000001,10.1366
2010-08-31,1.2688999999999999,106.73,0.82730000000000004,8.6388999999999996,59.728000000000002,1521.24,40.552300000000002,9.8704000000000001
2010-09-30,1.3621000000000001,113.67,0.86597000000000002,9.1402999999999999,60.826900000000002,1548.1600000000001,42.557000000000002,10.569000000000001
2010-10-29,1.3947000000000001,112.12,0.86926999999999999,9.2211999999999996,61.5488,1561.5,42.441299999999998,10.809699999999999
2010-11-30,1.3038000000000001,109.01000000000001,0.83674999999999999,8.6755999999999993,59.804200000000002,1518.9200000000001,39.987299999999998,10.125299999999999
2010-12-31,1.3384,108.47,0.85736999999999997,8.8231000000000002,59.802999999999997,1497.8800000000001,39.157800000000002,10.404500000000001
2011-01-31,1.3697999999999999,112.28,0.85429999999999995,8.9901999999999997,62.751300000000001,1526.5,39.557600000000001,10.6759
2011-02-28,1.3792,112.88,0.84879000000000004,9.0492000000000008,62.6494,1553.71,40.924300000000002,10.742000000000001
2011-03-31,1.419,117.53,0.88336999999999999,9.2899999999999991,63.394300000000001,1552.3099999999999,41.715800000000002,11.035399999999999
2011-04-29,1.4806999999999999,120.22,0.88617000000000001,9.6361000000000008,65.752600000000001,1590.4100000000001,42.4527,11.4994
2011-05-31,1.4369000000000001,116.87,0.87436999999999998,9.3364999999999991,64.894199999999998,1552.0799999999999,41.300199999999997,11.1755
2011-06-30,1.4513,116.91,0.90322000000000002,9.3633000000000006,64.687799999999996,1548.4300000000001,41.613799999999998,11.292299999999999
2011-07-29,1.4399,110.54000000000001,0.87641000000000002,9.1948000000000008,63.023099999999999,1506.6199999999999,41.193600000000004,11.2224
2011-08-31,1.4410000000000001,110.27,0.88539000000000001,9.2051999999999996,66.227099999999993,1539.55,41.941699999999997,11.221299999999999
2011-09-30,1.3387,103.12,0.85897000000000001,8.6292000000000009,66.635900000000007,1597.4300000000001,41.237000000000002,10.4231
2011-10-31,1.3946000000000001,108.70999999999999,0.86458999999999997,8.9108000000000001,68.2577,1554.04,42.017899999999997,10.8339
2011-11-30,1.3448,104.31,0.85587999999999997,8.4663000000000004,69.569999999999993,1523.1300000000001,40.2483,10.449
2011-12-30,1.2961,99.659999999999997,0.83338999999999996,8.1341999999999999,68.742000000000004,1491.23,39.185400000000001,10.068899999999999
2012-01-31,1.3070999999999999,99.719999999999999,0.82998000000000005,8.3167000000000009,65.251999999999995,1482.23,38.926000000000002,10.1381
2012-02-29,1.3357000000000001,108.20999999999999,0.83809999999999996,8.4730000000000008,65.884,1507.22,39.558599999999998,10.3591
2012-03-30,1.3343,110.56,0.83269000000000004,8.3999000000000006,67.924000000000007,1512.6500000000001,39.398099999999999,10.362399999999999
2012-04-30,1.3229,105.59999999999999,0.81489,8.3132999999999999,69.701999999999998,1497.5699999999999,38.614899999999999,10.263199999999999
2012-05-31,1.2363,96.920000000000002,0.80196000000000001,7.9009999999999998,69.602000000000004,1462.78,37.009900000000002,9.5960999999999999
2012-06-29,1.2666999999999999,101.04000000000001,0.80642000000000003,7.9843999999999999,70.091999999999999,1442.55,37.5441,9.8254999999999999
2012-07-31,1.2305999999999999,96.159999999999997,0.78539999999999999,7.8041999999999998,68.343000000000004,1387.3299999999999,36.763199999999998,9.5424000000000007
2012-08-31,1.2579,98.560000000000002,0.79308999999999996,7.9493999999999998,69.896000000000001,1418.55,37.468699999999998,9.7552000000000003
2012-09-28,1.286,100.20999999999999,0.79549000000000003,8.1294000000000004,68.343000000000004,1436.97,37.902900000000002,9.9713999999999992
2012-10-31,1.2969999999999999,103.56999999999999,0.80384999999999995,8.1066000000000003,70.040999999999997,1413.5599999999999,37.900799999999997,10.0517
2012-11-30,1.2986,107.11,0.81108000000000002,8.1037999999999997,70.590000000000003,1408.04,37.827800000000003,10.064500000000001
2012-12-31,1.3197000000000001,114.31999999999999,0.81252999999999997,8.2174999999999994,72.545599999999993,1405.0599999999999,38.2986,10.228999999999999
2013-01-31,1.3585,124.06999999999999,0.85580000000000001,8.4324999999999992,72.097099999999998,1478.48,40.046100000000003,10.536099999999999
2013-02-28,1.3084,120.86,0.86165000000000003,8.1760999999999999,71.312100000000001,1423.8499999999999,38.952800000000003,10.1457
2013-03-29,1.2819,120.76000000000001,0.84358,7.9630999999999998,69.497600000000006,1422.8199999999999,38.2121,9.9535
2013-04-30,1.3158000000000001,128.33000000000001,0.84677000000000002,8.0645000000000007,70.345200000000006,1443.77,38.634399999999999,10.211499999999999
2013-05-31,1.2999000000000001,130.63999999999999,0.85514999999999997,7.9973000000000001,73.400300000000001,1472.0599999999999,39.022100000000002,10.0901
2013-06-28,1.3009999999999999,128.97,0.85524,8.0078999999999994,77.653300000000002,1492.97,39.116300000000003,10.0914
2013-07-31,1.3275999999999999,130.53,0.87478999999999996,8.1418999999999997,80.136700000000005,1488.8699999999999,39.823300000000003,10.296200000000001
2013-08-30,1.3222,129.80000000000001,0.85287000000000002,8.1046999999999993,87.110299999999995,1469.97,39.618000000000002,10.253399999999999
2013-09-30,1.3532,132.90000000000001,0.83613999999999999,8.2675999999999998,84.552599999999998,1449.8900000000001,39.999099999999999,10.4941
2013-10-31,1.3599000000000001,133.69,0.84723000000000004,8.3554999999999993,84.004999999999995,1453.1700000000001,40.308399999999999,10.543699999999999
2013-11-29,1.3591,139.22,0.83028000000000002,8.2896000000000001,85.006600000000006,1441.5,40.285499999999999,10.5365
2013-12-31,1.3789,145.13,0.83233000000000001,8.3409999999999993,85.061300000000003,1447.8,41.091099999999997,10.6915
2014-01-31,1.3486,137.63,0.82042000000000004,8.2165999999999997,84.811999999999998,1464.3900000000001,41.079900000000002,10.472099999999999
2014-02-28,1.3802000000000001,140.49000000000001,0.82433999999999996,8.4248999999999992,85.257000000000005,1462.6500000000001,41.588299999999997,10.7102
2014-03-31,1.3772,141.96000000000001,0.82565,8.5585000000000004,82.304000000000002,1464.54,41.945700000000002,10.6831
2014-04-30,1.3866000000000001,141.62,0.82182999999999995,8.6379999999999999,83.578500000000005,1426.0799999999999,41.738300000000002,10.750400000000001
2014-05-30,1.3634999999999999,138.74000000000001,0.81369999999999998,8.5028000000000006,80.444999999999993,1387.8299999999999,40.820700000000002,10.5702
2014-06-30,1.369,138.66999999999999,0.80047999999999997,8.4694000000000003,82.213399999999993,1380.22,40.767899999999997,10.6107
2014-07-31,1.3385,137.66,0.79273000000000005,8.2685999999999993,81.021299999999997,1376.99,40.190100000000001,10.373699999999999
2014-08-29,1.3131999999999999,136.69,0.79120999999999997,8.0927000000000007,79.825100000000006,1335.4400000000001,39.383899999999997,10.1775
2014-09-30,1.2628999999999999,138.47999999999999,0.77864,7.7828999999999997,77.710700000000003,1338.95,38.5929,9.8057999999999996
2014-10-31,1.2524999999999999,140.68000000000001,0.78298000000000001,7.6829999999999998,77.195499999999996,1344.0899999999999,38.274999999999999,9.7133000000000003
2014-11-28,1.2452000000000001,147.72,0.79576000000000002,7.6420000000000003,77.244900000000001,1379.49,38.510800000000003,9.6556999999999995
2014-12-31,1.21,145.00999999999999,0.77656999999999998,7.5442999999999998,76.627099999999999,1326.27,38.476399999999998,9.3821999999999992
2015-01-30,1.1291,132.65000000000001,0.74955000000000005,7.0862999999999996,70.210599999999999,1239.76,35.7303,8.7523
2015-02-27,1.1195999999999999,133.94,0.72536,7.0277000000000003,69.471299999999999,1231.3800000000001,35.274000000000001,8.6850000000000005
2015-03-31,1.0728,128.68000000000001,0.72272999999999998,6.6599000000000004,67.196600000000004,1196.6400000000001,33.661299999999997,8.3173999999999992
2015-04-30,1.1214,134.18000000000001,0.73133999999999999,6.9645999999999999,70.946799999999996,1189.0699999999999,34.357500000000002,8.6926000000000005
2015-05-29,1.0986,136.34999999999999,0.71862999999999999,6.7929000000000004,69.998099999999994,1213.55,33.688499999999998,8.5190000000000001
2015-06-30,1.1153,136.19,0.70925000000000005,6.9252000000000002,71.170000000000002,1247.52,34.463500000000003,8.6455000000000002
2015-07-31,1.0984,136.08000000000001,0.70309999999999995,6.7920999999999996,70.373000000000005,1279.73,34.609200000000001,8.5158000000000005
2015-08-31,1.1204000000000001,135.86000000000001,0.73012999999999995,7.1515000000000004,74.504199999999997,1330.5799999999999,36.510899999999999,8.6830999999999996
2015-09-30,1.1182000000000001,133.81,0.73897000000000002,7.1387,73.503,1332.45,36.952500000000001,8.6667000000000005
2015-10-30,1.1006,132.75,0.71328000000000003,6.9489999999999998,71.847999999999999,1251.73,35.625999999999998,8.5305
2015-11-30,1.056,130.03999999999999,0.70235000000000003,6.7758000000000003,70.470799999999997,1225.8199999999999,34.516800000000003,8.1866000000000003
2015-12-31,1.0866,130.61000000000001,0.73748999999999998,7.0914000000000001,72.123000000000005,1283.96,36.009999999999998,8.4214000000000002
2016-01-29,1.0831,131.21000000000001,0.76082000000000005,7.1246999999999998,74.012100000000004,1308.75,36.3245,8.4345999999999997
2016-02-29,1.0874999999999999,122.81,0.78164,7.1216999999999997,74.494,1353.3699999999999,36.490200000000002,8.4562000000000008
2016-03-31,1.1380999999999999,128.03999999999999,0.79071000000000002,7.3505000000000003,75.370000000000005,1294.46,36.540199999999999,8.8275000000000006
2016-04-29,1.1451,121.94,0.78364999999999996,7.4181999999999997,75.590500000000006,1298.6600000000001,36.716500000000003,8.8821999999999992
2016-05-31,1.1138999999999999,123.29000000000001,0.76739999999999997,7.3291000000000004,75.076999999999998,1326.6700000000001,36.2958,8.6542999999999992
2016-06-30,1.1073,114.26000000000001,0.83457999999999999,7.3815999999999997,75.238,1276.8199999999999,35.8583,8.5920000000000005
2016-07-29,1.1173999999999999,114.06,0.84462000000000004,7.4172000000000002,74.435000000000002,1240.9300000000001,35.430999999999997,8.6679999999999993
2016-08-31,1.1157999999999999,115.23999999999999,0.84911000000000003,7.4443999999999999,74.582700000000003,1243.79,35.330199999999998,8.6549999999999994
2016-09-30,1.1234999999999999,113.92,0.86607999999999996,7.5029000000000003,74.420000000000002,1231.9100000000001,35.061700000000002,8.7136999999999993
2016-10-31,1.0963000000000001,115.09999999999999,0.89659,7.4165000000000001,72.903000000000006,1251.4000000000001,34.576999999999998,8.5027000000000008
2016-11-30,1.0599000000000001,120.97,0.84806000000000004,7.2986000000000004,72.902000000000001,1242.03,33.851700000000001,8.2210000000000001
2016-12-30,1.0517000000000001,122.97,0.85351999999999995,7.3380999999999998,71.677000000000007,1271,33.991900000000001,8.1585999999999999
2017-01-31,1.0784,121.86,0.85792000000000002,7.4259000000000004,72.654600000000002,1244.3900000000001,33.5839,8.3661999999999992
2017-02-28,1.0607,118.73999999999999,0.85431000000000001,7.2946,70.688000000000002,1197.97,32.502600000000001,8.2340999999999998
2017-03-31,1.0651999999999999,118.67,0.84852000000000005,7.3658999999999999,69.299999999999997,1194.9300000000001,32.444499999999998,8.2751000000000001
2017-04-28,1.0894999999999999,121.53,0.84133999999999998,7.5121000000000002,70.260000000000005,1235.3299999999999,32.893900000000002,8.4761000000000006
2017-05-31,1.1236999999999999,124.34999999999999,0.87177000000000004,7.6581999999999999,72.355000000000004,1251.1199999999999,33.684199999999997,8.7566000000000006
2017-06-30,1.1426000000000001,128.40000000000001,0.87709999999999999,7.7369000000000003,73.697999999999993,1308.8099999999999,34.720100000000002,8.9205000000000005
2017-07-31,1.1811,130.41,0.89541999999999999,7.9278000000000004,75.313999999999993,1314.96,35.419899999999998,9.2248000000000001
2017-08-31,1.1880999999999999,130.86000000000001,0.92137000000000002,7.8278999999999996,75.718999999999994,1339.23,35.8705,9.2975999999999992
2017-09-29,1.1814,132.91999999999999,0.88200000000000001,7.8646000000000003,77.108999999999995,1349.0999999999999,35.770800000000001,9.2304999999999993
2017-10-31,1.1647000000000001,132.41,0.87751000000000001,7.7370000000000001,75.332400000000007,1304.1400000000001,35.123899999999999,9.0863999999999994
2017-11-30,1.1892,133.80000000000001,0.88024999999999998,7.8773999999999997,76.319999999999993,1289.05,35.602499999999999,9.2881999999999998
2017-12-29,1.2004999999999999,135.28,0.88809000000000005,7.8023999999999996,76.532700000000006,1276.1199999999999,35.533999999999999,9.3803000000000001
2018-01-31,1.2415,135.77000000000001,0.87529000000000001,7.8384,79.188000000000002,1328.6199999999999,36.265300000000003,9.7109000000000005
2018-02-28,1.2209000000000001,130.31,0.88563000000000003,7.7222999999999997,79.659999999999997,1324.28,35.787999999999997,9.5549999999999997
2018-03-30,1.2323999999999999,130.97,0.87909000000000004,7.7348999999999997,80.808099999999996,1309.4300000000001,35.8705,9.6889000000000003
2018-04-30,1.2101,132.03999999999999,0.87902000000000002,7.6470000000000002,80.542000000000002,1295.3299999999999,35.880499999999998,9.4971999999999994
2018-05-31,1.1671,126.90000000000001,0.87795000000000001,7.4733000000000001,78.826700000000002,1257.3,35.059600000000003,9.1547000000000001
2018-06-29,1.1684000000000001,129.36000000000001,0.88473000000000002,7.7252000000000001,79.778999999999996,1297.26,35.4268,9.1714000000000002
2018-07-31,1.1705000000000001,130.86000000000001,0.89168999999999998,7.9775,80.462100000000007,1308.55,35.864699999999999,9.1870999999999992
2018-08-31,1.1601999999999999,128.84,0.89554,7.9292999999999996,82.688999999999993,1300.3499999999999,35.894599999999997,9.1058000000000003
2018-09-28,1.1604000000000001,131.93000000000001,0.89036999999999999,7.9828999999999999,83.954999999999998,1291.27,35.482500000000002,9.0854999999999997
2018-10-31,1.1306,127.81999999999999,0.88644999999999996,7.9100999999999999,83.936999999999998,1291.0799999999999,35.133299999999998,8.8658000000000001
2018-11-30,1.1316999999999999,128.44,0.88743000000000005,7.8891999999999998,79.165999999999997,1275.76,35.100499999999997,8.8541000000000007
2018-12-31,1.1452,125.62,0.89842999999999995,7.8669000000000002,79.997,1270.0599999999999,34.967399999999998,8.9689999999999994
2019-01-31,1.145,124.59999999999999,0.87258000000000002,7.6974999999999998,81.647000000000006,1277.1400000000001,35.3354,8.9845000000000006
2019-02-28,1.1382000000000001,126.70999999999999,0.85799999999999998,7.6058000000000003,80.783000000000001,1275.8599999999999,35.061799999999998,8.9345999999999997
2019-03-29,1.1217999999999999,124.34999999999999,0.86063999999999996,7.5346000000000002,77.671000000000006,1276.1800000000001,34.616100000000003,8.8058999999999994
2019-04-30,1.1216999999999999,124.92,0.86004000000000003,7.5453999999999999,78.021000000000001,1304.1800000000001,34.567500000000003,8.8001000000000005
2019-05-31,1.1169,120.95999999999999,0.88414000000000004,7.6966999999999999,77.694999999999993,1325.46,35.214799999999997,8.7544000000000004
2019-06-28,1.1373,122.66,0.89578000000000002,7.8140999999999998,78.543999999999997,1312.8699999999999,35.369900000000001,8.8896999999999995
2019-07-31,1.1128,120.84,0.91110999999999998,7.6608999999999998,76.697999999999993,1318.55,34.673999999999999,8.7112999999999996
2019-08-30,1.0982000000000001,116.83,0.90415000000000001,7.8710000000000004,78.8322,1336.6900000000001,34.655299999999997,8.5999999999999996
2019-09-30,1.0903,117.91,0.88714000000000004,7.7938999999999998,77.302999999999997,1309.8599999999999,33.944600000000001,8.5478000000000005
2019-10-31,1.1146,120.37,0.86155000000000004,7.8406000000000002,79.170000000000002,1297.79,33.984999999999999,8.7360000000000007
2019-11-29,1.1017999999999999,120.61,0.85192999999999997,7.7423999999999999,78.904499999999999,1301.26,33.589500000000001,8.6347000000000005
2019-12-31,1.1229,121.95999999999999,0.84663999999999995,7.8148999999999997,80.085800000000006,1295.8199999999999,33.667900000000003,8.7462
2020-01-31,1.1093,120.17,0.83999999999999997,7.6577000000000002,78.740099999999998,1311.24,33.316200000000002,8.6156000000000006
2020-02-28,1.1026,118.98999999999999,0.86026999999999998,7.6722000000000001,79.489999999999995,1336.52,33.2943,8.5939999999999994
2020-03-31,1.0971,118.25,0.88490999999999997,7.7930999999999999,82.784899999999993,1340.5899999999999,33.248199999999997,8.5043000000000006
2020-04-30,1.0936999999999999,116.95999999999999,0.86931999999999998,7.7285000000000004,81.645499999999998,1308.0799999999999,32.396299999999997,8.4781999999999993
2020-05-29,1.1101000000000001,119.77,0.89947999999999995,7.9390000000000001,83.911600000000007,1372.52,33.332500000000003,8.6080000000000005
2020-06-30,1.1243000000000001,121.23,0.90824000000000005,7.9465000000000003,84.777299999999997,1349.96,33.181199999999997,8.7141000000000002
2020-07-31,1.1778,124.75,0.90019000000000005,8.2466000000000008,88.799499999999995,1414.3,34.916699999999999,9.1279000000000003
2020-08-31,1.1943999999999999,126.39,0.89287000000000005,8.1826000000000008,87.507400000000004,1410.3099999999999,34.9985,9.2570999999999994
2020-09-30,1.1721999999999999,123.7,0.90788000000000002,7.9763999999999999,86.505499999999998,1371.8199999999999,34.0672,9.0851000000000006
2020-10-30,1.1647000000000001,121.93000000000001,0.89959999999999996,7.8163999999999998,86.942700000000002,1321.8499999999999,33.579599999999999,9.0274999999999999
2020-11-30,1.1954,124.67,0.89524999999999999,7.8925000000000001,88.280299999999997,1323.47,34.322099999999999,9.2675999999999998
2020-12-31,1.2224999999999999,126.28,0.89554999999999996,8.0028000000000006,89.759799999999998,1332.8299999999999,34.7928,9.4791000000000007
2021-01-29,1.2136,127.13,0.88554999999999995,7.8098000000000001,88.397199999999998,1355.73,34.138500000000001,9.4091000000000005
2021-02-26,1.2075,128.66999999999999,0.86702999999999997,7.8470000000000004,89.103499999999997,1366.02,34.084600000000002,9.3658999999999999
2021-03-31,1.175,129.96000000000001,0.85143000000000002,7.6897000000000002,85.778899999999993,1325.71,33.461500000000001,9.1349999999999998
2021-04-30,1.202,131.40000000000001,0.87011000000000005,7.7896000000000001,89.599999999999994,1347.73,33.761000000000003,9.3360000000000003
2021-05-31,1.2228000000000001,133.88,0.86080999999999996,7.7877999999999998,88.498199999999997,1356.1099999999999,33.665999999999997,9.4908999999999999
2021-06-30,1.1849000000000001,131.62,0.85855000000000004,7.6562999999999999,88.388800000000003,1341.2,33.159500000000001,9.2027999999999999
2021-07-30,1.1870000000000001,130.22999999999999,0.85372000000000003,7.6623999999999999,88.540400000000005,1365.6900000000001,33.259500000000003,9.2249999999999996
2021-08-31,1.1807000000000001,129.84,0.85858999999999996,7.6258999999999997,86.325599999999994,1371.6600000000001,32.7883,9.1832999999999991
2021-09-30,1.1571,128.94,0.85958000000000001,7.4686000000000003,86.094999999999999,1375.1099999999999,32.304499999999997,9.0085999999999995
2021-10-29,1.1557999999999999,131.77000000000001,0.84458999999999995,7.4020000000000001,87.284599999999998,1363.77,32.446399999999997,8.9929000000000006
2021-11-30,1.1311,127.94,0.85275999999999996,7.2407000000000004,85.414100000000005,1344.5999999999999,31.383099999999999,8.8191000000000006
2021-12-31,1.137,130.90000000000001,0.84133000000000002,7.2209000000000003,84.2136,1346.25,31.3538,8.8644999999999996
2022-01-31,1.1218999999999999,129.16,0.83498000000000006,7.1288999999999998,83.397599999999997,1350.4200000000001,31.0885,8.7485999999999997
2022-02-28,1.1205000000000001,128.99000000000001,0.83677999999999997,7.0755999999999997,84.233199999999997,1343.6400000000001,31.363,8.7551000000000005
2022-03-31,1.1082000000000001,134.71000000000001,0.84345999999999999,7.0392999999999999,84.200999999999993,1352.5999999999999,31.922599999999999,8.6803000000000008
2022-04-29,1.0545,136.94999999999999,0.83877999999999997,6.9625000000000004,80.857900000000001,1328.2,31.099699999999999,8.2766000000000002
2022-05-31,1.0730999999999999,137.94999999999999,0.85048000000000001,7.1558000000000002,83.246099999999998,1331.27,31.1388,8.4210999999999991
2022-06-30,1.0483,142.22,0.86080999999999996,7.0090000000000003,82.3583,1358.6199999999999,31.0625,8.2260000000000009
2022-07-29,1.022,136.16,0.83933999999999997,6.8815999999999997,80.888099999999994,1328.1900000000001,30.6266,8.0300999999999991
2022-08-31,1.0053000000000001,139.44999999999999,0.86478999999999995,6.9340999999999999,79.717600000000004,1344.8599999999999,30.396899999999999,7.8910999999999998
2022-09-30,0.98019999999999996,141.88,0.87751000000000001,6.9772999999999996,79.717100000000002,1404.8099999999999,31.229199999999999,7.6944999999999997
2022-10-31,0.98870000000000002,146.94999999999999,0.86212999999999995,7.2234999999999996,82.347999999999999,1416.51,32.038899999999998,7.7606000000000002
2022-11-30,1.0315000000000001,143.77000000000001,0.86370999999999998,7.3314000000000004,84.362099999999998,1362.9000000000001,31.9069,8.0527999999999995
2022-12-30,1.0705,140.41,0.88534000000000002,7.3632,88.154399999999995,1342.5999999999999,32.746000000000002,8.3542000000000005
2023-01-31,1.0865,141.46000000000001,0.88151000000000002,7.3445,88.734200000000001,1333.9000000000001,32.577500000000001,8.5166000000000004
2023-02-28,1.0606,144.03,0.87649999999999995,7.3459000000000003,87.674000000000007,1402.8099999999999,32.588799999999999,8.3246000000000002
2023-03-31,1.0839000000000001,144.09,0.87902000000000002,7.4603000000000002,89.474000000000004,1415.1099999999999,33.180999999999997,8.5101999999999993
2023-04-28,1.1019000000000001,150.06999999999999,0.87675999999999998,7.6208999999999998,89.909999999999997,1474.1500000000001,33.850000000000001,8.6485000000000003
2023-05-31,1.0638000000000001,148.63999999999999,0.85884000000000005,7.5887000000000002,88.310599999999994,1414.6900000000001,32.8416,8.3302999999999994
2023-06-30,1.0909,157.44,0.85926999999999998,7.915,88.994,1433.1800000000001,33.819400000000002,8.5512999999999995
2023-07-31,1.1007,156.43000000000001,0.85604999999999998,7.8556999999999997,90.740300000000005,1401.6800000000001,34.660200000000003,8.5833999999999993
2023-08-31,1.0839000000000001,157.71000000000001,0.85594999999999999,7.8715999999999999,90.025999999999996,1444.26,34.732300000000002,8.5005000000000006
2023-09-29,1.0572999999999999,157.94999999999999,0.86663999999999997,7.6612999999999998,88.154399999999995,1428.1099999999999,34.082099999999997,8.2795000000000005
2023-10-31,1.0575000000000001,160.22999999999999,0.87051000000000001,7.7420999999999998,88.825999999999993,1432.6400000000001,34.411900000000003,8.2753999999999994
2023-11-30,1.089,161.40000000000001,0.86294000000000004,7.7685000000000004,91.102099999999993,1417.48,34.2468,8.5052000000000003
2023-12-29,1.1039000000000001,155.72,0.86690999999999996,7.8472999999999997,91.942700000000002,1429.26,33.841700000000003,8.6201000000000008
2024-01-31,1.085,158.78999999999999,0.85307999999999995,7.7751000000000001,89.880399999999995,1444.73,33.850999999999999,8.4818999999999996
2024-02-29,1.0800000000000001,161.99000000000001,0.85596000000000005,7.7705000000000002,89.978200000000001,1444.8499999999999,34.226100000000002,8.4555000000000007
2024-03-29,1.079,163.30000000000001,0.85485999999999995,7.7922000000000002,89.873400000000004,1449.6199999999999,34.433799999999998,8.4460999999999995
2024-04-30,1.0679000000000001,168.06,0.85382000000000002,7.7336,89.497900000000001,1477.8299999999999,34.8902,8.3521999999999998
2024-05-31,1.0848,170.62,0.85148999999999997,7.8513000000000002,90.531999999999996,1497.8900000000001,35.151200000000003,8.4832000000000001
2024-06-28,1.0712999999999999,172.38999999999999,0.84726999999999997,7.7843,89.299199999999999,1474.25,34.709299999999999,8.3661999999999992
2024-07-31,1.0809,162.75,0.84209000000000001,7.8224,90.651499999999999,1482.1199999999999,35.502699999999997,8.4445999999999994
2024-08-30,1.1048,161.49000000000001,0.84148999999999996,7.8371000000000004,92.950000000000003,1478.76,35.422800000000002,8.6151
2024-09-30,1.1148,159.55000000000001,0.83184999999999998,7.8156999999999996,93.768199999999993,1465.77,35.398699999999998,8.6620000000000008
2024-10-31,1.0862000000000001,165.28999999999999,0.84458999999999995,7.7378,91.385499999999993,1495.25,34.700299999999999,8.4452999999999996
2024-11-29,1.0577000000000001,158.41,0.83059000000000005,7.6627999999999998,89.219099999999997,1473.72,34.396299999999997,8.2312999999999992
2024-12-31,1.0348999999999999,162.88999999999999,0.82667000000000002,7.5564999999999998,89.200500000000005,1530.29,34.1374,8.0390999999999995
2025-01-31,1.0362,160.78,0.83604000000000001,7.4657,89.9589,1512.1300000000001,34.240400000000001,8.0753000000000004
2025-02-28,1.0375000000000001,156.27000000000001,0.82494000000000001,7.5430999999999999,90.985299999999995,1517.6500000000001,34.2117,8.0718999999999994
2025-03-31,1.0811999999999999,162.06999999999999,0.83767000000000003,7.8483999999999998,92.086500000000001,1593.8599999999999,35.961199999999998,8.4117999999999995
2025-04-30,1.1355999999999999,161.94999999999999,0.85087000000000002,8.2468000000000004,96.014600000000002,1618.01,36.373600000000003,8.8076000000000008
2025-05-30,1.1347,163.46000000000001,0.84316000000000002,8.1780000000000008,96.9375,1568.75,33.877800000000001,8.8978999999999999
2025-06-30,1.1762999999999999,169.65000000000001,0.85770000000000002,8.4356000000000009,100.5239,1592.1400000000001,34.279800000000002,9.2341999999999995
2025-07-31,1.1423000000000001,172.12,0.86385999999999996,8.2268000000000008,100.14579999999999,1592.8699999999999,34.211199999999998,8.9666999999999994
2025-08-29,1.1686000000000001,171.86000000000001,0.86553999999999998,8.3419000000000008,102.96469999999999,1626.29,35.696300000000001,9.1117000000000008
2025-09-30,1.1757,173.69999999999999,0.87351999999999996,8.3651999999999997,104.3184,1650.76,35.764499999999998,9.1480999999999995
2025-10-31,1.1536999999999999,177.66999999999999,0.87722,8.2048000000000005,102.75709999999999,1648.22,35.546199999999999,8.9649999999999999
2025-11-28,1.1597999999999999,181.16,0.87639999999999996,8.2065999999999999,103.4902,1702.47,36.349299999999999,9.0287000000000006
2025-12-31,1.1736,184.06,0.87243000000000004,8.2020999999999997,105.4919,1695.1900000000001,36.872,9.1354000000000006
2026-01-30,1.1851,183.43000000000001,0.86621000000000004,8.2636000000000003,109.54170000000001,1717.04,37.550800000000002,9.2592999999999996
2026-02-27,1.1812,184.36000000000001,0.87641999999999998,8.1097000000000001,107.313,1702.3099999999999,37.011499999999998,9.2418999999999993
2026-03-31,1.1540999999999999,183.44,0.87322,7.9576000000000002,108.9958,1749.5599999999999,36.772599999999997,9.0488999999999997
2026-04-30,1.1726000000000001,183.62,0.86356999999999995,8.0167000000000002,110.9823,1732.51,36.981999999999999,9.1854999999999993
