date,USA,Europe,Japan,AsiaExJP,EM,China,India,Korea,Taiwan,World,ACWI
2001-03-30,-0.066158887810819647,-0.07751720636913817,-0.030135207108676065,-0.11385723972301415,-0.10388636699749972,-0.17707788160678598,-0.19399400332260705,-0.14856690337834416,-0.01551924145660934,-0.068119259141471586,-0.070075208862486235
2001-04-30,0.074757455048123173,0.068651917402874366,0.065730633655764439,0.00051858427657861883,0.048116194373758164,0.096676723098632761,-0.022880985742907606,0.1309860056358404,-0.07321868686813289,0.071123848301226936,0.069900481846368615
2001-05-31,0.005546399341792168,-0.049980303277940306,-0.0024004481173949869,0.0082214278577163093,0.011511322451985918,0.026928642076693456,0.038775180513107604,0.073000426450587783,-0.0714325274892086,-0.013116491630917881,-0.011812386783547946
2001-06-29,-0.023347490907772214,-0.038535939501717312,-0.061409073594181934,-0.019894595095647848,-0.021097743934434494,0.032447549425635804,-0.053788695794617022,-0.058093166471329873,-0.031711776831615482,-0.031977813239520314,-0.031413202616544282
2001-07-31,-0.009670282188964761,0.002483659573192065,-0.077430499000987141,-0.056790000230106934,-0.065755035312660276,-0.14556067832256533,-0.03428806645906237,-0.074227176591657187,-0.11126570574870129,-0.01345646319261644,-0.016099831459693112
2001-08-31,-0.069189594063405566,-0.02638067090656562,-0.025334922127550924,-5.3384867538220992e-05,-0.010076808255941028,-0.24388745055540659,-0.015002118655253967,0.032544565865642201,0.035934627260772865,-0.04934414262135748,-0.047395718608343365
2001-09-28,-0.079846672127892412,-0.10513250232605174,-0.098084772689364899,-0.16297690031814974,-0.1683181058471887,-0.034633709607609316,-0.15012767979569688,-0.1772989615206377,-0.2444162539352302,-0.092388678725604342,-0.096075952042127974
2001-10-31,0.014215428212980009,0.031297130439803325,-0.002061512127756372,0.06525930640068861,0.060167288064192914,0.025182174984554412,0.064678273685862445,0.14563183512054206,0.10060028592946765,0.018915040179062814,0.020878000265283112
2001-11-30,0.073778074189848997,0.039355865577826762,0.010791912039119561,0.13340776540165081,0.09923568365281768,0.09301839797758843,0.097398384199931784,0.2257139717860642,0.12844315448725571,0.057332321144875478,0.059407517985528346
2001-12-31,0.0059751885575205412,0.025293105225670139,-0.069874257878121473,0.086892027880034223,0.076321311525297933,0.0033207549571156194,0.0013824858244986685,0.073986994139873405,0.19703195295187276,0.0061660943928517715,0.0091127754815678828
2002-01-31,-0.014516118732740828,-0.053667479331145213,-0.081515028048030042,0.04564077235453276,0.033185579456044945,-0.098507539713103331,0.017397461093812273,0.074321874891520215,0.045645736458125433,-0.030868384234492962,-0.027996239978145199
2002-02-28,-0.020200260144542747,-0.00016856327272026937,0.040664940627204542,0.02848541587217528,0.0160812239028847,0.0080160837650353131,0.060705060127429447,0.096856889355865672,-0.048655389725978396,-0.0088341234529917337,-0.0076682258055294529
2002-03-29,0.0363578659805983,0.052775757481719358,0.055764490103253697,0.068615663610238201,0.058119691680637194,0.05490278229848946,-0.0065507773063235939,0.085719388280527914,0.085877414027460131,0.043107369498186318,0.043821721851235361
2002-04-30,-0.067316808721082602,-0.0076621782466788999,0.056583573064913656,0.0024536878952651216,0.0063895043737220393,0.042752628181345391,-0.044708589562118352,-4.6507581136088972e-05,-0.022033835097898538,-0.034580839339493692,-0.032576099879982161
2002-05-31,-0.007936731463958251,-0.0030667687604392316,0.060470353095994321,-0.017902216356045116,-0.016307094236481513,0.015203670919117115,-0.065120931275585478,0.0030867507212420956,-0.04049426581968725,0.0016659538073622606,0.0007799358843118805
2002-06-28,-0.079676928787077231,-0.035333154392305978,-0.053517626341243157,-0.045765875399143577,-0.078277542386351998,-0.03415978637976181,0.029532765696169881,-0.038205151183891409,-0.088221786920734929,-0.062776648722937853,-0.06336357250664576
2002-07-31,-0.074944363808789591,-0.11795976457484016,-0.071996574550848624,-0.041197871904481577,-0.079526582528169729,-0.044688697559437905,-0.074745406487680438,-0.026849669082218895,-0.064747705037761671,-0.088151393286226717,-0.087828967509018641
2002-08-30,0.004278420239940248,-0.00018302171608254364,-0.010675298768763827,-0.011111326789378522,0.015165336352586017,-0.019636691152883471,0.059819964331516658,0.0042652362992577197,-0.050214555640836128,0.0017062146195734389,0.0022206770545179894
2002-09-30,-0.12019511333660635,-0.14104538739850808,-0.04572272961128284,-0.12882209307342912,-0.11420397694761937,-0.082969908260558861,-0.04999133520795971,-0.15297098731139422,-0.16395935757470248,-0.11664654908493866,-0.11655306700531304
2002-10-31,0.086512238348243176,0.092264420193428676,-0.072143618911004376,0.047092337963285012,0.062946868801611378,0.005701985050747072,-0.0018068672569897758,0.048492536738982309,0.10458536627931769,0.071095781620967871,0.070785680036377918
2002-11-29,0.057927990394632346,0.047935747830720091,0.039643909014642507,0.065629832264856802,0.066555669340536999,0.040542002893396517,0.098940142725918029,0.12011680611879548,0.020858184977926787,0.0523684730733689,0.052914105384318066
2002-12-31,-0.062807098875575881,-0.036935216268689328,-0.026045794931067848,-0.064316673631653457,-0.033828954421321465,-0.038511005127279091,0.052548510736338705,-0.13510820929389447,-0.062133598212793635,-0.049806127023381129,-0.049176647511092561
2003-01-31,-0.024844610632304785,-0.048463630023355561,-0.041378163971169293,0.01655423723559277,-0.004420151207775439,0.046719054420090327,-0.042151571635301865,-0.044386514340924055,0.11460299079926896,-0.030948111491274379,-0.029880574819163359
2003-02-28,-0.015934337641290226,-0.033179546183816862,0.0058306937735296211,-0.056284489946790077,-0.028498818121161146,-0.025253980472220827,0.014144280537231293,-0.050569810812755883,-0.12834803496566816,-0.017656444109687121,-0.018096151517197501
2003-03-31,0.0088642347487291866,-0.015031450154501129,-0.046308233696547331,-0.051822096554074618,-0.028973898231720564,-0.039242855695961296,-0.077480990179998821,-0.099991862885772526,-0.014836319579413412,-0.0033062956251591492,-0.0043266546705167091
2003-04-30,0.079876388975237508,0.12652009840821002,-0.0078459702215430503,0.043887442775596565,0.085192498123361216,0.0013000131517792574,-0.044705007365972368,0.13278338965793005,-0.028130509930299228,0.084909344343372023,0.084919886624018059
2003-05-30,0.051736905206124124,0.062844722677935644,0.047350239954615507,0.082330016117328181,0.069056307909244025,0.12022635311189118,0.078355260432298582,0.059374113715220264,0.099315526541081653,0.055372230032227708,0.05591332491121024
2003-06-30,0.011891956773290028,0.0095957097672971555,0.071139172193661254,0.074942391983849888,0.055139067052309455,0.062134214631446902,0.13347179091294245,0.076036686589930846,0.072167166310813713,0.017034976317023769,0.01854136748063848
2003-07-31,0.017991526001440706,0.020111220324201651,0.039782355219264612,0.088084402958741911,0.060326285248909185,0.094509781788912284,0.066193553472014582,0.10343273516165036,0.11481163522812332,0.019988894469211094,0.021645738714211472
2003-08-29,0.018108936802773586,-0.0018903742320540628,0.10018500064939066,0.067153924165887419,0.064773531126577313,0.06441487139759737,0.12143729815200795,0.056113316803379894,0.084417615827489176,0.02125472763026125,0.023112971845964982
2003-09-30,-0.012024378726114076,0.020138158392375198,0.057602599709926067,-0.0093965052364218,0.007256395688159497,0.0077112482771151689,0.056029023662874759,-0.066435787032253307,0.0059906229386605964,0.00600033380903486,0.0060548387570110917
2003-10-31,0.055063991148912368,0.064753549233069863,0.044751731367591668,0.097246026145466929,0.081655808664080926,0.14147610647121772,0.09965863961780011,0.10802732451408574,0.066381282356703847,0.057553667527499554,0.058623144175799072
2003-11-28,0.009137121453988744,0.04168069503868313,-0.031357741917612127,-0.014993945551999507,0.012094171633056381,0.0099973793549439274,0.024168957395273565,-0.0017459610410093646,-0.060295699691263797,0.015001282110364582,0.014870843803902222
2003-12-31,0.050165235186703801,0.078926574543828079,0.067037049764850448,0.070057590475519807,0.0699053531237077,0.14498984300447623,0.14943728416759364,0.027590825838625075,0.023953957270618317,0.06077555621623449,0.061187463442246189
2004-01-30,0.017629265658552433,0.011623277499841333,0.017930595939621884,0.050361148144451591,0.034325453519377623,-0.0064640622061692991,-0.024479298087942299,0.097100709063647608,0.083953203034011464,0.015918506202612846,0.016755211652206264
2004-02-27,0.011562595591596147,0.028868574674744039,-0.0029412268786711319,0.036123288164520179,0.044836754726027044,0.060368714569950944,-0.012545750544495879,0.03516914865576215,0.03871788659674754,0.016606614414989694,0.017937835787741076
2004-03-31,-0.016402032304865456,-0.031659665606841018,0.12599147376467146,-0.0069561158429627366,0.012420437094655951,-0.088012326121713294,0.023224185063575885,0.036869865389362856,-0.025946136390753022,-0.0066577277526981013,-0.0057308708162966708
2004-04-30,-0.015816237831975586,-0.0083287802873063827,-0.055742065078432899,-0.063541939099245562,-0.085427874884293292,-0.14001859604622588,-0.016558197368694592,-0.065573297730593963,-0.069498221346046024,-0.020694121889125307,-0.023767130943056342
2004-05-31,0.012736735931322761,0.016109928802212292,-0.035743967878535399,-0.0460379418905821,-0.02015199305845387,0.066432954727011356,-0.17138795311504473,-0.06859515361112753,-0.02724543695929222,0.0090697513811119779,0.0077346844133897776
2004-06-30,0.018274040173597177,0.013287048103239637,0.052454883437274773,-0.014330471860729251,0.0042502747054357507,-0.0061413659903347259,0.0037831670255396429,-0.024707637934932247,-0.028977008979265587,0.020320935918308202,0.019590971036437761
2004-07-30,-0.035016840237258907,-0.027905140046303158,-0.061110081373735914,-0.036736899873887105,-0.018475102367831658,0.0036821695242183284,0.068983920413257002,-0.085353296712641649,-0.081305156900425529,-0.033194805126753234,-0.032526221030489529
2004-08-31,0.0045800897247915365,0.00060319052179752997,0.0072175135260195561,0.04451786141107273,0.040632690760131707,0.0041047727821624039,-0.00030891378712597959,0.090506167298757753,0.070351319768549206,0.0043855886674033706,0.0060754932518580079
2004-09-30,0.010478593630803645,0.039321632992000345,-0.023737642182806825,0.041844298830353142,0.056091863058601657,0.071525703535925272,0.081556703237108424,0.035485784946836935,0.0010718948800617536,0.018740832334700787,0.020549348922735338
2004-10-29,0.014799609086542062,0.035459471401684511,0.02577757398220629,0.0091474932398799159,0.02361194252103874,-0.02466715766187072,0.036592987998636202,0.019705574474117013,-0.0026739178980868888,0.024175817153737893,0.02414889323560615
2004-11-30,0.03975142526571538,0.070794391985078781,0.04713299813190764,0.091772899818771167,0.088535266257726286,0.095884993267926821,0.11540026855033665,0.10160045229370791,0.061902311260317554,0.051197972359187958,0.053072736275193259
2004-12-31,0.033976833757984645,0.041475113169178818,0.050017924106750752,0.031940641656022457,0.046910348545858592,-0.017983895519392789,0.07057938093888419,0.027094535225472283,0.0657741737982519,0.037462544590423072,0.037953696788540207
2005-01-31,-0.025358176169411245,-0.01870831609083675,-0.023496219228340123,0.016876423168583853,0.0025365125954864435,-0.02202012631351255,-0.017751619051171147,0.068680351641915702,-0.030973617512206154,-0.022771686483790635,-0.021434084779253251
2005-02-28,0.020011771186655793,0.048813954922677975,0.020394319828368698,0.065202666999492759,0.08364985706615867,0.071465319962868382,0.027205784642113803,0.097511592387252113,0.057643157853593557,0.031186625182092208,0.034062288168220496
2005-03-31,-0.016543647413137234,-0.025504028546701425,-0.020908978177890288,-0.05505487188506035,-0.068372070531194679,-0.052908599734351823,-0.033490126268506851,-0.057644982863998107,-0.061118629959857167,-0.019602319695487952,-0.022282747723645548
2005-04-29,-0.01859375587374322,-0.025673197126612382,-0.026065941292937111,-0.028568985117190873,-0.027211691848909817,0.0041060071621871553,-0.054675393046957468,-0.04989652093970947,-0.01347222943762447,-0.022030151812082292,-0.022307786716370612
2005-05-31,0.031638432973602582,0.0035426727743047321,-0.0091524838717046194,0.036848375088844157,0.034215660539286243,0.0096738217140923313,0.08475227865432873,0.047868923304408804,0.039993412257187229,0.01761101298756754,0.018502840159433237
2005-06-30,0.0020375428163548256,0.013679774557841008,-0.0009939578944111471,0.026873207790331245,0.033410847346845379,0.040875674815888045,0.082961909904688325,0.0028949717782800325,0.02864783280662123,0.0086159586831575843,0.010052685700670652
2005-07-29,0.036543250180376505,0.035774164748125545,0.0099119501196476174,0.062189489946754703,0.067563004348415875,0.070038988165666421,0.054820486125503824,0.11641277192602169,0.013111365649443357,0.034335377900659783,0.036316590972040069
2005-08-31,-0.0099470994152505467,0.014799786714369396,0.067263247258992839,-0.032529959125376873,0.0085270349515326957,0.0054878532762581839,0.0035268279077823039,-0.032467986627104088,-0.063648561714949245,0.0075069286359283902,0.0075644981522850225
2005-09-30,0.0081813379862906259,0.023974168026838612,0.098324557776983235,0.062219706392219416,0.089031358014141096,0.057123311241321778,0.09337084993443337,0.1146520970663546,0.00837126343286234,0.025642078056892274,0.029643959378530739
2005-10-31,-0.016863314137641253,-0.031996117463618926,-0.012065498866732678,-0.070884576807470789,-0.067595606545027692,-0.10308216922461795,-0.10752865126199952,-0.061300212474284251,-0.071721379140991179,-0.024560252560746568,-0.027305221992860632
2005-11-30,0.038858217534841824,0.016721696510390783,0.041799205446180113,0.083040021781018047,0.079480228551379734,0.068032128336261016,0.094091259100876332,0.11172353151253421,0.085824293151904582,0.032776446612673975,0.035765923941206527
2005-12-30,0.00016345444513377147,0.034579101522176303,0.082279808778323957,0.071492938554703567,0.057425879515860534,0.031588666160602033,0.091684825379604082,0.092459919672782567,0.06920559402959367,0.021912771387356707,0.024296419298779005
2006-01-31,0.026631610071040705,0.063290074223607204,0.049190897069271232,0.074456277089455028,0.10588639652037031,0.13165391860816886,0.072975464080365052,0.083672611231313004,0.030194499588910798,0.043685049709822267,0.048052788037070249
2006-02-28,0.00035426866457525315,0.00083162440399864985,-0.0085180131412534634,-0.0024562881900607116,-0.0011873808378048663,0.031015481901622347,0.024732242163255008,-0.029666839570285597,-0.005557670529622495,-0.0014894964582250528,-0.0014699501767377397
2006-03-31,0.012334732017071838,0.038110293625819441,0.024908992018186624,0.018737205212190661,0.0087705576891038105,0.031449402686400181,0.094967236629536503,-0.0044682925032373186,0.0012290560660345466,0.021750342122616475,0.020818436699182791
2006-04-28,0.012733183325705411,0.049817809389383495,0.028672943855521198,0.067604539942475367,0.068792839307194889,0.051069314603959096,0.034518104165742199,0.065654630363743152,0.095545042312761869,0.029909050658873202,0.032741782795499018
2006-05-31,-0.030684966152908822,-0.028003348854874259,-0.064210308152851919,-0.080468520463852222,-0.1106959185412083,-0.05294310351318661,-0.15279630293930899,-0.079408578754809486,-0.069261726450597749,-0.034756047525856142,-0.040219738715526865
2006-06-30,0.00074118315510778498,0.0032478534692034823,-0.011150177015264004,-0.0077384589250712498,-0.0024475529891175426,0.020498016177882605,0.020394265799634503,-0.016675067722939311,-0.018885208523276516,-0.00029323538166412167,-0.00043156517140946439
2006-07-31,0.003028939347816304,0.01513032526258188,-0.005550022721139314,-0.0019450683409964653,0.014016326891041672,0.026181907097776451,0.00095557036806523756,-0.0018951151408585845,-0.046491239659506814,0.0062214480247038658,0.0068019025034471853
2006-08-31,0.023148653592192606,0.0310733147766474,0.0148954564038286,0.034022999615206086,0.025159132314911375,0.021576830693478946,0.090034832786757155,0.024481467039106575,0.032968637600729218,0.025625965318503176,0.025590258475519625
2006-09-29,0.024783456131647005,0.0085249721618072191,-0.016532311544136646,0.039207151998861024,0.0082897621824402148,0.036542165841338049,0.075715119378928969,0.030348916444549161,0.040668619839111929,0.011853149647025645,0.011585727516936149
2006-10-31,0.033304327264601641,0.041993344820010027,0.017256829527682798,0.02727537253817339,0.046403482111866332,0.066721956392504153,0.064302411348105812,-0.0042246181894199757,0.0083854950705868955,0.036045236728909177,0.036824161718076835
2006-11-30,0.018918185176257721,0.034935867155173314,0.0070635323879267237,0.077720026643047724,0.071689117717784356,0.1037268878728685,0.055606670872813978,0.054370861362758691,0.099516582215233892,0.024193109014058124,0.027878752289597776
2006-12-29,0.011634076113457488,0.031605729452485735,0.024544958034317065,0.036439388084176141,0.044044876747804107,0.13611177756515369,0.030730176882249043,-0.0031442973757045724,0.0137455803994818,0.020127110891829097,0.022068636352332693
2007-01-31,0.017654836972420922,0.0058906348148837747,0.0084234810007162916,-0.021411575938545962,-0.010614340903671221,-0.043308005240118796,0.025187785115461558,-0.047159267372345798,-0.027811563142751315,0.011736083183627321,0.0098998951889275166
2007-02-28,-0.019144800622595218,-0.0036045613787574196,0.039438683273197758,0.0019700035013063017,-0.0059533993063542352,-0.017723692756219579,-0.09029171463584762,0.043173723992143913,0.017493113855266706,-0.0052171869088218168,-0.0052790787854324487
2007-03-30,0.010393876787014558,0.035600344980001204,-0.013306293869966681,0.020454057558794297,0.038908109477210122,0.037814432418819245,0.030966165742841171,0.029170148812557032,-0.022277656748740136,0.018139806866853167,0.019857593785986609
2007-04-30,0.041694389105192679,0.062595687332876196,-0.019655052924860503,0.047490491380825735,0.046353592668644916,0.036935455067022629,0.11435379756913772,0.058693694063879788,-0.0022594207947756067,0.043167381339929325,0.043432690758878248
2007-05-31,0.033767760217213026,0.017430915704337441,0.016187342638981077,0.063216427175839696,0.04740166537796732,0.07264162596676986,0.06715198985615424,0.079295582364811976,0.038458268076128607,0.027623805902417892,0.029298316532223864
2007-06-29,-0.017229498755541774,-0.00019684282181266338,-0.0030023736626686452,0.058311061807650943,0.04580974595390349,0.10916204177408051,0.0078214237318222461,0.029519745622279377,0.094927864051604138,-0.0077432225421768365,-0.0029430102395431239
2007-07-31,-0.031747850065853435,-0.021524405742356159,-0.0016284663978156026,0.075415421046721429,0.05141729217025838,0.098482719933787224,0.060453439554905029,0.10433207100023459,0.031784820087536671,-0.022395156365211291,-0.015389113295276941
2007-08-31,0.014446156709930368,-0.011102890169754184,-0.029816333353827055,-0.014376320379711439,-0.02147984986121549,0.069574580006515493,-0.031902973704300792,-0.04547718750669455,-0.028596319425328989,-0.00075901567061238944,-0.0027703605858945836
2007-09-28,0.036803984038675144,0.049386663956015237,0.022807053868968381,0.11116287421555943,0.10475741992209973,0.18181232892119539,0.15545380082828578,0.071891922863104307,0.058359802975517905,0.046459374506771546,0.05228946423540811
2007-10-31,0.016405264629337064,0.045548570149849553,-0.0038236251512205645,0.105727446672838,0.10572914636330305,0.15352933399793048,0.15700405174633042,0.06854058054320504,0.052761508385996365,0.03021066479622931,0.03827044823998027
2007-11-30,-0.043821829746263419,-0.032531977375186663,-0.018499038066286503,-0.098546995966899753,-0.073546455341719344,-0.14519859034280472,-0.020175736235042686,-0.10015303358021226,-0.11900986658825227,-0.041734838048176126,-0.045220829129803269
2007-12-31,-0.0062320105198380811,-0.017673421649268831,-0.040385653584143054,-0.00528891820748934,0.0035208066797486888,-0.045487365182930263,0.072739942629422294,-0.015295983819145292,-0.013385037876413562,-0.012985075853163152,-0.011131835645687862
2008-01-31,-0.062975244677595382,-0.11019506075512005,-0.046780460658329408,-0.15465093633541441,-0.1332970476145133,-0.24284447662996472,-0.15478992405082839,-0.14840902842795692,-0.11104186299058477,-0.079497456629449986,-0.085455091261956578
2008-02-29,-0.032257745621136279,0.015929870190105288,0.0068645857431288374,0.071034624301292676,0.07121671573508366,0.10237741445500689,-0.024220456504054088,0.051882271391037738,0.13832082556518702,-0.0058046566585912224,0.0028226828642127851
2008-03-31,-0.0041853344109473575,0.0041527275628086115,-0.041406593517184453,-0.069670730484885313,-0.05437201238120213,-0.1298511045492933,-0.13556049771113421,-0.044087464428082021,0.024224446258423939,-0.0096313258897542074,-0.014779137426587855
2008-04-30,0.047981523322853312,0.044260275611250399,0.070137609072516108,0.079515088770538464,0.078028050794646128,0.14504992992569832,0.10506007440812885,0.069404999691711419,0.04121308003774949,0.05122349330681164,0.054285075566709487
2008-05-30,0.015205193697643055,0.0044126081402577587,0.024858098080947008,-0.041858025087636898,0.018383432491901382,-0.050838306319611497,-0.10677881025008021,-0.017947504478380245,-0.032690687580010459,0.015133521536663981,0.015509449818516633
2008-06-30,-0.085547908953842303,-0.091055081471371743,-0.070605119379369446,-0.13316888070861346,-0.10508723462973941,-0.1294206429662994,-0.21772571646325348,-0.13063483824823605,-0.12037125995270993,-0.083118359299092032,-0.085678744441863464
2008-07-31,-0.011921610807611838,-0.029161337684373741,-0.034675615676215216,-0.0085641652432716011,-0.038449764686288572,0.02278225788680989,0.065008626941961245,-0.016452794204371061,-0.069897981748359775,-0.024737549136924143,-0.026313648056184569
2008-08-29,0.012965830810008235,-0.040173998267982534,-0.040594496419375271,-0.073188270793978133,-0.083246324335891728,-0.085367679047814921,-0.011753316785082095,-0.14852884874802111,-0.011848789954179316,-0.014148539637231847,-0.021791668942170363
2008-09-30,-0.096763660498736664,-0.16351355407204612,-0.11889612105924834,-0.18116420588456958,-0.1923748809604279,-0.22801682442231613,-0.20326085416026846,-0.11252183177633647,-0.2101100279882771,-0.12662532934952994,-0.1335034584091683
2008-10-31,-0.18808117347673939,-0.23882366022004137,-0.15996080029737877,-0.27532325252035533,-0.31976065527518027,-0.25803005958370678,-0.33512708516017148,-0.30275786621320061,-0.20666062649414571,-0.21022821638694703,-0.2208386607794498
2008-11-28,-0.077613983151830906,-0.071039325862808866,-0.012536934016149033,-0.073379759539199785,-0.078261427405398765,0.044499377236581671,-0.11282504851278269,-0.18573383661840148,-0.11432667618642305,-0.066918612104655523,-0.067952211146565494
2008-12-31,0.012050768803721804,0.051167094016799509,0.078130535625379749,0.10634646594721064,0.075100519164438967,0.099846502420708652,0.092569491381086083,0.18080598000140585,0.04859965677626861,0.031579578193620034,0.03560109401773303
2009-01-30,-0.085404532275360087,-0.11719503379304627,-0.070387906149461499,-0.065977187657451142,-0.06676036114844322,-0.086685808455368413,-0.020321136434256672,-0.042429145402550779,-0.10578200516770758,-0.091683043676411433,-0.08930590596881631
2009-02-27,-0.10924456226683373,-0.10713661332471583,-0.13218557578035525,-0.066298281311726284,-0.058063264935773511,-0.032255186128083854,-0.10944081645314564,-0.1960800121759895,0.038874118268877447,-0.10798520537340778,-0.1030530029276028
2009-03-31,0.081616656467611723,0.067006060934557327,0.02077907770858729,0.14767223587915634,0.13427653377525448,0.13216526215400548,0.11468924673735063,0.23394334267410183,0.14668879731692269,0.072700805516500655,0.079156297741244275
2009-04-30,0.091209688975990549,0.13052796531864705,0.091902128775601721,0.15425440489933337,0.15392802053216831,0.10511085252457303,0.178540569411686,0.19404479483588702,0.16044658852123977,0.10632146283921592,0.11157821246803692
2009-05-29,0.052790311881336573,0.11449125608328849,0.098047148943116669,0.14063609789772852,0.15774603549957686,0.15933095309001946,0.31244553045012663,0.039975408476547243,0.14193989404456606,0.086733895046870471,0.094983994891896129
2009-06-30,0.001734308077747101,-0.019776874042781428,0.017433079583857179,-0.0030103681559270927,-0.013563147937974734,0.03999507071167123,-0.021978717733527619,-0.010029402503185344,-0.079163777146388573,-0.004522062536761455,-0.0056157395969503119
2009-07-31,0.072260967055273156,0.099870430776455479,0.041878690653259977,0.11954702010742503,0.1065618387203655,0.10284782053215238,0.085450455425340882,0.17058369312343979,0.11173052625121613,0.081301056666476801,0.084365614340163014
2009-08-31,0.033493439840818054,0.061158240768406667,0.038595923468349155,-0.028109058641696615,-0.0035846883943927406,-0.072897668847178992,-0.010915961181033473,0.01169197965169657,-0.028779248908015562,0.040426209226132867,0.035137955572245395
2009-09-30,0.037600874873188722,0.045362360918286118,-0.01737195134375577,0.087807078857921245,0.086883881380338646,0.045304987654400171,0.10443511122371668,0.11384514088797022,0.11967991589505546,0.039084539427672739,0.044852768576686582
2009-10-30,-0.019919829917441168,-0.011681861942266466,-0.025398660332460563,-0.0096131615903400393,0.001236424206700254,0.062441055942477772,-0.0409764864803027,-0.064831501766359143,-0.042074759712739759,-0.017951273692905129,-0.01556977029619136
2009-11-30,0.057067622714514599,0.028616039449722259,-0.010306225363815657,0.030285237840292353,0.04205630278360812,0.024272708713070943,0.080765320520062758,0.0078243082873836727,0.037962833295683764,0.040049975253730816,0.040301899355665166
2009-12-31,0.019925918179733448,0.014980845299360895,0.007682613249289141,0.044593104688043193,0.038733374696875218,0.0045988172344000166,0.03440300113245854,0.079975077310975126,0.081886792758139093,0.017797782204469394,0.020494514223052401
2010-01-29,-0.036009098129098131,-0.060902699722763735,0.018804102185172467,-0.061572600339626686,-0.057387575713408759,-0.090314276123156387,-0.054411713663513411,-0.045648728226907506,-0.067017145722050572,-0.042209443757356101,-0.044170581623211892
2010-02-26,0.029717519137575549,-0.020097240716635524,0.011129219667704174,0.00032209780683557023,0.0035113536658148855,0.021701778993543704,0.013414801191463932,-0.0066862856424366041,-0.037378207597678334,0.013998335542831645,0.012654407342136317
2010-03-31,0.057714638860349075,0.06279443471066283,0.048734373585170097,0.074429064447514542,0.07764075453476843,0.052743351085662984,0.088393251837494954,0.089195803343128766,0.06534152817557895,0.060088451418209239,0.062343704161357323
2010-04-30,0.015595223199940497,-0.027428563328808036,-0.00156473830271524,0.023221960864197158,0.012042596430357218,-0.0035730139369217514,0.018598652976372001,0.054894322672176019,0.025131530953872286,0.00014029358100195688,0.0016875234067131649
2010-05-31,-0.084721808323749107,-0.12982187062046954,-0.084325054441959188,-0.089976704358886411,-0.092068923699549804,-0.056110136374756536,-0.083247446839102179,-0.14296754178871046,-0.10333101222775358,-0.10069161257522145,-0.099611409939567588
2010-06-30,-0.055126277607028068,-0.0074619276204774465,-0.020269070336530241,0.013435260530024291,-0.0073765689031757746,0.012336764119643405,0.04200367154035025,0.0091754713858487671,-0.019488456319521025,-0.034887791676770197,-0.031288532383516643
2010-07-30,0.0672050896416653,0.11015059445865238,0.034979607395313077,0.054488208703479223,0.079988295686473046,0.042745130435164272,0.0072350914655456003,0.072782507062588014,0.086437698718430864,0.077954083971304197,0.078223568968855767
2010-08-31,-0.046127332135228891,-0.037489507685719133,-0.023108321716558532,-0.014727485301486177,-0.01961130643914771,-0.027902598341731744,-0.01449037271260593,-0.026434912413201141,-0.014544253152803244,-0.038049906335668397,-0.035583386788890246
2010-09-30,0.086553624093332962,0.10426647843738199,0.044755938473224115,0.10661016900383812,0.10537552543806285,0.08666725844820608,0.15083825914100293,0.11204227751638676,0.10224050217142376,0.089151059729596388,0.091363635879357086
2010-10-29,0.038285396333803713,0.042412982696081035,0.020194976906920105,0.025888316907324786,0.028622770519180933,0.03818725555074285,0.016111143773555419,0.015143137152298385,0.026999845452935052,0.036597637467745407,0.035502655780957959
2010-11-30,0.0004284483321662182,-0.078963667179771407,0.020802022865719274,-0.019300739169648504,-0.026752950625455362,-0.024072596654716567,-0.067538157640671379,0.00041898631010825558,0.01563015331633542,-0.021825984792178534,-0.022500064255978967
2010-12-31,0.06426160512264173,0.08059325163431709,0.073417951336278639,0.060966319357524439,0.068930600452499297,-0.00717191859464504,0.073297577579732653,0.10505226656622851,0.11748160821431719,0.070947938260735977,0.070668644673751113
2011-01-31,0.023396057469881743,0.03865755885163516,0.0012665012868563112,-0.014301489992204226,-0.027506591090733768,-0.0052156985636092751,-0.1399502415094018,0.025125338684754604,0.03149073992721501,0.022340684622598677,0.015571280197197496
2011-02-28,0.032344678274208616,0.032304418770927892,0.044590446738661325,-0.039348432707647811,-0.0093696814628038191,-0.018201660055515025,-0.017802997263487309,-0.064812832368923753,-0.091859504300908071,0.034413551030118686,0.028709509278757636
2011-03-31,0.00074054861626975208,-0.0083722427548073783,-0.096368112567936814,0.068873827442094596,0.057131242038051658,0.0518454330904215,0.10531269749815034,0.11034888047059699,0.01694882204673728,-0.0099107026098644874,-0.0010039575771715467
2011-04-29,0.029822017014816175,0.076975799366485936,0.0036402843162608037,0.037231971555948588,0.030547261227639694,0.015790219543167183,-0.010493541281028746,0.063642165685977831,0.064273223854666869,0.041604891383615207,0.040096981531697863
2011-05-31,-0.011551784966881726,-0.033558342250054482,-0.016418102257534168,-0.015593969211988299,-0.026579432763542014,0.0032057099101313749,-0.043176972814820157,-0.035280579744653304,-0.0044556874167533686,-0.020963512454666548,-0.02172444573087156
2011-06-30,-0.017585601749235256,-0.019345816538881126,0.014542407990500248,-0.021947793974688046,-0.015501534277298334,-0.038152557921653757,0.017523974024195463,-0.019490848725716055,-0.044153468675124125,-0.015946187070486787,-0.015883703711581067
2011-07-29,-0.020004802424672802,-0.034486036795226604,0.034803054160265516,0.0071620783774659419,-0.0044513731101613451,-0.008269504641281681,-0.023172560771062584,0.017501401491554887,0.0054068889852313638,-0.018298631091523142,-0.016413632945853476
2011-08-31,-0.057646935606398844,-0.10556875525502189,-0.084771242340389671,-0.1103713330317071,-0.093613002049879226,-0.097832820501488227,-0.13183871980859965,-0.14392517637942159,-0.0968912856146803,-0.073062356011258267,-0.075856092976583675
2011-09-30,-0.075110810700913008,-0.11626952217014197,-0.016587444869343278,-0.13544013536789731,-0.15758360237885136,-0.18454024930966093,-0.067389347592918716,-0.13843928736139161,-0.11132285211295703,-0.090330232859401574,-0.0991730431689994
2011-10-31,0.10383073335333262,0.11424926382339524,-0.0024700026856589253,0.11384176171620369,0.12438885853370076,0.1411562152308756,0.082160719716005262,0.14043360378473382,0.066229028440744075,0.098429696254720422,0.10178705239410649
2011-11-30,-0.0036010608405942965,-0.046174405327479941,-0.045158441376738641,-0.088446144918586739,-0.068969592845491839,-0.087751459249511582,-0.17394503851530926,-0.06562987727317128,-0.099355792021061151,-0.024718625649341502,-0.03039799974994211
2011-12-30,0.0088898770203931759,-0.015570790634274401,0.0082481787227557113,0.0066825763715629514,-0.012125314618777482,0.024512206327512338,-0.061894196845950662,-0.017325711775540417,0.029313917444789266,-0.00055577580669699317,-0.0020194331989951695
2012-01-31,0.045680504400086801,0.045801940669482608,0.044216074113835768,0.1010226832253939,0.107440533018745,0.10278772594250785,0.19042922077663091,0.099491236817074877,0.086130195643362925,0.048964553717134512,0.056515456652642057
2012-02-29,0.042381914186829198,0.061409993530320839,0.049233003876845233,0.055843535404358415,0.058175689994745802,0.063134161476181186,0.047061720596446352,0.047526137867944324,0.071696734669843068,0.047693074390218602,0.049089480911377277
2012-03-30,0.031059230038011025,-0.0059007051748164834,0.013293752177707644,-0.032098314950954644,-0.033948763172870017,-0.071365008231593502,-0.054748159538679973,-0.0053978395976496821,-0.022583055607660781,0.012774492205953678,0.0066191603165483811
2012-04-30,-0.0063994015928992903,-0.023179821223735141,-0.032457241369643224,-0.0014394428450948734,-0.012025164665010642,0.03491507010278852,-0.048479295612900611,0.0013128226761288954,-0.042665195336089159,-0.011420901942821162,-0.011498645115109375
2012-05-31,-0.064187816312352153,-0.13075516184324057,-0.093506653502071657,-0.099831571671848029,-0.11894408371816909,-0.11160413420619288,-0.12325534217077209,-0.12058283834117989,-0.051551998357015495,-0.090279168031207627,-0.093937297054639532
2012-06-29,0.03825508402280018,0.076324500645034113,0.050126635273146314,0.025013077980871868,0.037866770195031672,0.020377801218819089,0.071526719563399649,0.028866935393685077,-0.0052864334734698685,0.049699623730140932,0.048210340650686537
2012-07-31,0.013101276159287002,0.011191434041845723,-0.024170049530885522,0.019920818434314206,0.019319985530909439,0.01413011623177207,-0.0042415804430697718,0.035506434413192837,0.0074816225375743239,0.012773526283900438,0.013594779842329329
2012-08-31,0.02241629028276106,0.04316605472156148,-0.0072885889577772971,-0.0071572571986892371,-0.0033358378608379542,-0.031865528637889454,0.011204239464369298,-0.0086661712353836226,0.026332673254111916,0.025035712900741833,0.021513920810800398
2012-09-28,0.024704703828716215,0.029096973679597505,0.022991963897876389,0.070361222668936407,0.05859140016243003,0.063341529158384174,0.13652210424585581,0.067211179823513725,0.06944048208996316,0.027102876832738099,0.031011643589121736
2012-10-31,-0.018632111703843244,0.014429771424219329,-0.018903016498704666,-0.0041724659588342561,-0.006090562905914752,0.055563191557471504,-0.03868145805452089,-0.029375434895119627,-0.063069932345563171,-0.0067805006290526165,-0.0066924356365343747
2012-11-30,0.005611952656013993,0.025637207624844758,0.023468167434331735,0.02751039042125835,0.012617215671449545,0.018522533733563228,0.043700016812361527,0.026113152338903305,0.069394102564646412,0.012723599333618937,0.012708581680906411
2012-12-31,0.0086506738166992041,0.027750008186957175,0.051621467087356675,0.034202809639214744,0.047737255411985612,0.047016455128140164,-0.00018283754670600388,0.050140887693477958,0.0089756376479167149,0.018631612208684537,0.022398607384956439
2013-01-31,0.051191264304064024,0.056810372294226474,0.036057633498267211,0.010595515741717463,0.013693372687169624,0.040416033000443309,0.048888206175401232,-0.038626440038202085,0.0023915677099533238,0.04968448040971471,0.04503750050184141
2013-02-28,0.012069428166906924,-0.028044969840295194,0.026312645312810613,-0.00054978393885959909,-0.012642834100647947,-0.040120229452202137,-0.076142210941263513,0.047886782285994869,0.0039391812174635176,0.0016498489944427902,-0.00015759802483805672
2013-03-29,0.036479021279183885,-0.0020718815767333584,0.047675224779233305,-0.023644631380772635,-0.017374112101270052,-0.046746519916550704,0.001398357830728197,-0.043924253032861828,-0.0084090899745934335,0.023153259970714515,0.018118327417523457
2013-04-30,0.019254118108400661,0.042466222295646928,0.084071985843525848,0.014681763796786387,0.007508345471266901,0.011298417450246526,0.040968011373724043,-0.024375786810513934,0.03956586655060873,0.031005179940748979,0.028167692177250694
2013-05-31,0.020119279522286263,0.0018474696607450726,-0.058310835035046013,-0.008799304634303071,-0.025990226498530951,-0.0088152377837284225,-0.029901520174840102,0.004633606399577825,-0.0007961064222024427,0.00037762507437104782,-0.0027427697074967547
2013-06-28,-0.013922658769456375,-0.049468885480837436,0.017330383246156773,-0.060383367386784355,-0.065774513749172411,-0.072492829190597491,-0.068732855668802467,-0.085320526886757411,-0.02297277757613848,-0.024949105795513554,-0.029665843954688135
2013-07-31,0.050871605767145944,0.071058002693737826,0.0060113746635215718,0.012973318913046584,0.010393459763947429,0.039675893357707402,-0.028167476114552881,0.036220653975216996,0.008458278079350956,0.051306849255989009,0.046762477006228279
2013-08-30,-0.02865208966437402,-0.012840892456308147,-0.021751515767450484,-0.012135290025635294,-0.017325691204880072,0.023973974586104282,-0.11369494017847037,0.037167130393418707,-0.0047374526746412626,-0.021514700815155434,-0.021056915988322995
2013-09-30,0.032122077921795097,0.069426694568791039,0.080225973623805735,0.051039282490451823,0.063002520888461436,0.05124664962823338,0.087926084892440234,0.065520811706488616,0.026945222294650531,0.048802195925662963,0.050364481625042923
2013-10-31,0.043071830888296705,0.041948845929972736,-9.8141707646276237e-06,0.047035326736041418,0.047440366785733365,0.024794253660395255,0.10037692884169058,0.04369065009259511,0.043444354444236222,0.038396810114032114,0.039402347119209154
2013-11-29,0.027447083595065244,0.011751670379175454,0.014762174813396266,0.0015903689079717939,-0.01473048833302704,0.047463830802781166,-0.034517233993348356,0.012406786921789856,-0.015343894457806477,0.017615492098796058,0.014064490098853126
2013-12-31,0.025994737148023066,0.022133301587068849,0.0079262179629959583,-0.012774710466218931,-0.014563317227940725,-0.034899965209787429,0.032526868423448776,-0.016598049113741676,0.01421607613968034,0.020938902956063234,0.017106834195352874
2014-01-31,-0.034846160701676183,-0.039412669667321223,-0.039344929204970319,-0.049019107545226655,-0.06713953967562325,-0.069336211097348679,-0.038708043579517099,-0.057357570899788581,-0.033500034992869389,-0.037741713338117842,-0.040824089095120919
2014-02-28,0.045237687356813473,0.070484568650234794,-0.0053787143106709817,0.032164206041244855,0.032588528444832864,0.025906615035934149,0.03370056922981883,0.03328994363818677,0.016920011197569404,0.048848301770005431,0.04717872203281346
2014-03-31,0.0064070419880928649,-0.010263998932068565,-0.012960936826102835,0.013783238475412489,0.030234777420180447,-0.017010906373017526,0.083472731596265462,0.0018788012330341278,0.027546896267298875,0.0014461862957413248,0.0044352674246326837
2014-04-30,0.0056603699417615699,0.024638487607972683,-0.026159025692172162,0.0016918106158650156,0.0033364628328903471,-0.023080284805382188,-0.01112184015030775,0.016651043724134215,0.011814172485019909,0.010194723250164205,0.0094720572081672255
2014-05-30,0.022903057696208994,0.0089051828251606822,0.039641962837011241,0.040254081715240364,0.034308443785040804,0.045591695356579996,0.09144201152075089,0.037010699701616474,0.038634380207824115,0.019483849041571692,0.021046529716167297
2014-06-30,0.020718238960700453,-0.0010291747837342701,0.050970864384982446,0.027419193529701322,0.026223943537392339,0.031214271891637065,0.038944458825765284,0.0082680108332581232,0.047573322060841104,0.017730937630860574,0.018654252618925282
2014-07-31,-0.014537517559491188,-0.038533699123317243,0.0057730825236833386,0.03327664252633554,0.019150304944784181,0.077731549598068175,0.012050798074306059,0.017944344733373082,0.00079848348226882492,-0.016088140685527611,-0.012202544049366612
2014-08-29,0.038720130343900906,0.0041879426299496689,-0.021952486044087723,0.010674827098069899,0.022284598176286859,0.0022476382212509968,0.025346391883594249,-0.0078120108356256046,0.035474331790890219,0.021796090523864595,0.021850452757284505
2014-09-30,-0.016204394887326633,-0.038268517877940215,-0.0071371171432208129,-0.059635025400792185,-0.077011777688178323,-0.065906067055586104,-0.014273233211549302,-0.085601735955908281,-0.072568941714123175,-0.027516164541862606,-0.03296801861528996
2014-10-31,0.023502310891233349,-0.026717991101802223,-0.013118439352817084,0.014546300436512734,0.011720458893814128,0.042197113026349008,0.038764406557509193,-0.03205372324137204,0.024707838180226111,0.0064481629052778079,0.0070181461622476462
2014-11-28,0.025478883096218902,0.026234003168339314,0.0030648961388383663,0.0017891578163179928,-0.010631773741917585,0.015545879570743864,0.01588044231129852,-0.025785100954487897,0.014093275832258091,0.019842599311617647,0.016590148484979968
2014-12-31,-0.0035548499350398963,-0.04400149126691872,-0.014449623654439039,-0.019157065964257289,-0.0471829559930712,0.011508711678863071,-0.061443225938737057,-0.024350364899464821,-0.021990327115578301,-0.016256510641491043,-0.019489078854316277
2015-01-30,-0.028939455599272728,-3.5485480156582927e-05,0.023086777220070992,0.023681111063206722,0.0059768083771446498,0.022380627626450246,0.07642935963758532,0.02377962258588542,0.010237360004246897,-0.018285853554035603,-0.015754460221797505
2015-02-27,0.056136739776300529,0.060892237076397543,0.058909051525408686,0.023762515455099817,0.030493742746235283,0.031886336691396726,0.018412676078045517,0.0055177556430419834,0.035980984032081297,0.056936552244454187,0.054177351467871553
2015-03-31,-0.015015206493131858,-0.026925076886388566,0.015211672335451835,0.0035360668526700102,-0.014322789915168376,0.023784767164768201,-0.042288794499823167,0.012647872995446882,-0.0074974315656747888,-0.015777277976867413,-0.015619422671082416
2015-04-30,0.0087964661881677862,0.04249821405091242,0.034803250059593706,0.067277020973045706,0.074101360195787183,0.15423475135659417,-0.067633257931253632,0.064328548468859298,0.04418084270440794,0.023181733748765584,0.028604533955369011
2015-05-29,0.012572785089782351,-0.0077366922081173106,0.012947186610608577,-0.027855933022482012,-0.040870251537136359,-0.037713735226818514,0.027900974898771171,-0.05873711583927832,-0.0018467606113573554,0.003438889017219224,-0.0013056286540198631
2015-06-30,-0.019604822562375897,-0.031206406382191847,-0.017295007771026463,-0.040971587946971581,-0.026314983381655523,-0.05786537289302221,0.002935484129271651,-0.043440186875639289,-0.032166481099684188,-0.023526912605334304,-0.023824973476790506
2015-07-31,0.019295767642760718,0.030756481647907803,0.0046957333599824853,-0.074511862870291337,-0.071839117397712787,-0.11390560247131767,0.017600760831523166,-0.083848891235867695,-0.075808242611703686,0.017790809001177684,0.0086475036561842605
2015-08-31,-0.063240796301206603,-0.073871751157685656,-0.05987554011418484,-0.096569934276835925,-0.094802910668465787,-0.1242482501380343,-0.091923658572254915,-0.059301580194442809,-0.082991522658748346,-0.068465734643634438,-0.071013210609048985
2015-09-30,-0.027354362827963028,-0.047806079403706798,-0.070431351459288555,-0.015405294579804146,-0.030543591612622628,-0.019505545965844417,0.0045445641560411081,0.017407194482197255,-0.026918078770284227,-0.037581954890422549,-0.036901456344042863
2015-10-30,0.078905700622653396,0.069156357444281974,0.096128076333803755,0.074809816900154341,0.068902508147689598,0.086905391321703523,0.015581929700936397,0.10688095296655375,0.054235642100655408,0.076261066160940333,0.07555442641602951
2015-11-30,0.0027602092017615597,-0.01849971293205847,-0.010037514162452962,-0.033392663062817123,-0.039788869132714129,-0.034318018202527723,-0.048934469511482587,-0.035715053568607151,-0.03423069757213934,-0.00498814036818264,-0.0082907753985960418
2015-12-31,-0.017479786080491496,-0.026071715345262859,0.0032416218594238464,-0.0073987343285353661,-0.022543951842310488,-0.013109472842118948,0.024179033416830552,-0.01841855606176912,-0.0077917162519327236,-0.01773365378918727,-0.018197616399750816
2016-01-29,-0.054969965467959278,-0.068188603326601746,-0.085836228147395277,-0.075795003129497121,-0.067072589219347972,-0.13604147446395135,-0.071298942796233056,-0.057716298136864602,-0.046975460809804324,-0.06168853245969258,-0.062205776210959678
2016-02-29,-0.0029025253918490679,-0.018077081678206836,-0.027808034437187244,-0.013199578974513789,-0.0016384741110299866,-0.025608961336990428,-0.076894248238221996,-0.023873965231515065,0.04009449354548978,-0.0074702548080663204,-0.0069072641092726862
2016-03-31,0.06564300438954733,0.060879679639425741,0.046221868833483268,0.10822950005395163,0.12427450626266386,0.11244872811347371,0.12291723317683598,0.13156270433420067,0.081220825433240176,0.065655620109412116,0.071492100729203686
2016-04-29,0.0045920722395773658,0.024135717101825691,0.045440044833054825,-0.012817291579481908,0.0054208158457926649,-0.0019761051830200194,0.0047463492022500773,-0.0044558602459190905,-0.054577801613445706,0.015699749164571022,0.014653474878387919
2016-05-31,0.017403606314234515,-0.005895241105259642,-0.010439957901894349,-0.012154068146402299,-0.038016827877345782,-0.0075419580242009222,0.018620973857650051,-0.048050267582575037,0.017365449928469098,0.0056007439116441274,0.0012626877497201976
2016-06-30,0.002085830881871894,-0.045502117886317639,-0.024947913401723403,0.027975848397870422,0.039189354558671986,0.010661493541335004,0.013184449521763749,0.040092711955737464,0.044268529197460396,-0.011268535887490397,-0.0060761387077138459
2016-07-29,0.036900105529225992,0.041014596914533408,0.062803287639688954,0.047207471550886324,0.049097813138493929,0.034296789704593308,0.055202987505230082,0.05930205972121582,0.064263124480999148,0.041380308106959932,0.042193746822086889
2016-08-31,0.00076779843349779114,0.0029463381555505114,0.0038108159512204613,0.039453466022601788,0.024547918295146777,0.071098765093401364,0.01152046504799178,0.031295373529055447,0.018225243935312434,0.00083074242225767315,0.0033571494400406734
2016-09-30,0.00065090590274183464,0.0086738646453360622,0.015886495152300457,0.013252600680779677,0.012777260390258994,0.024959118808200356,-0.0091974172603734531,0.013560557600578567,0.028215964350189891,0.0052979058322727571,0.0061096025351328404
2016-10-31,-0.019497962342873144,-0.033111456644302852,0.013107707050468107,-0.014460210864893618,0.0023814425149339432,-0.019555470347903284,-0.0049529005140577301,-0.037188390895014516,0.014164485741735042,-0.019542699335900426,-0.017118172912261434
2016-11-30,0.034683746520311823,-0.021990829410691786,-0.024414350002071206,-0.033869840388085916,-0.047124889038468502,-0.012041835637328283,-0.077495409479950872,-0.026298017604515035,-0.023317661537513804,0.014276715095744057,0.0075706530764791937
2016-12-30,0.018048640132990949,0.051081349875876272,0.0096567437565348458,-0.014233389361688298,0.0022059908029224175,-0.041774993534271838,-0.00078297846074381608,0.0056301101807424772,-0.01286984572792897,0.023646543206500358,0.021371887802341973
2017-01-31,0.020191093494553614,0.02055872594965907,0.036530182512431168,0.056987664967283934,0.053278212350360121,0.065670934213414939,0.042593857987037728,0.074239757642612772,0.048363062651710358,0.023848463744095796,0.026976130065528205
2017-02-28,0.037882876534791859,0.011874338477784869,0.011119079850164242,0.035717839695291485,0.030152889887887613,0.034773209281436401,0.057372451669837343,0.030298804941857181,0.045642736056150462,0.027365650977783859,0.027665042494528502
2017-03-31,0.00096052804639483349,0.039371981650513754,-0.0036889503850335089,0.032862653037477978,0.024930644475364253,0.021124385069626404,0.058065671639693769,0.051153087204128797,0.017345167119839199,0.010595612642627138,0.012159263254444256
2017-04-28,0.01041265839310071,0.03469996657375788,0.01043729452316826,0.021246053299761765,0.021655422230240605,0.026319171948676893,0.019112190758353634,0.0099653319101505686,0.020331202588116853,0.014698235288983362,0.015464378697303738
2017-05-31,0.012804853982662205,0.047352492244967584,0.029640567441291552,0.044284466648538544,0.029135871676666814,0.051414811793439603,0.017411252927266703,0.077636653633950628,0.023906289572640616,0.020933834204011594,0.021842545007038843
2017-06-30,0.0058308323929573457,-0.01098200820030513,0.010551233822738076,0.017340734912918803,0.010017710688698557,0.02275699130426876,-0.0078584039074371965,0.0096084628799972295,0.039817436105535599,0.0038400988118159345,0.0045371900625240658
2017-07-31,0.019723091586702792,0.029416413304542633,0.02002874827555955,0.054308319804030419,0.057899369054207575,0.085126391986550573,0.074219285267546301,0.031355430322744404,0.027248355718068162,0.023650546692586118,0.0275632240740648
2017-08-31,0.0025411064303985076,0.00058150111728380984,-0.0005157998919053992,0.01373079050462884,0.022061770186574906,0.041304222770559278,-0.0075308315208645659,-0.025183914234438502,0.015156972683074216,0.0014071330188651003,0.0038239018677988425
2017-09-29,0.019822513229067362,0.032464463969594612,0.019407942811301145,-0.00022792614179888249,-0.0039849373772958864,0.010337382575117326,-0.037588310430421483,0.020387199815351705,-0.034099814821517103,0.022196089199827879,0.019135582731372214
2017-10-31,0.022313715498546594,0.0046911227721502663,0.045068717322153916,0.051609597421091689,0.03445575979226273,0.038974556436605419,0.071128919172450136,0.080690842499862497,0.06150724575841951,0.018722125446998823,0.020552574361221286
2017-11-30,0.029254923360620917,0.0021973215315468802,0.029471467598439799,0.0011574421471756712,0.0020044470422402897,0.015467545303054218,-0.0070712889154048069,4.117982653378682e-05,-0.033758189106321883,0.021436142049823494,0.019173268781949492
2017-12-29,0.010427270675866841,0.014964927505557026,0.0069464784823166379,0.027498748328051471,0.035267627448964015,0.018962083216284478,0.04768770599710289,0.027074600476201662,0.011759064573029948,0.013432956200215276,0.015993376832314624
2018-01-31,0.055509151828791625,0.052636444863669488,0.044811487972338283,0.077077210035450316,0.080055688992828111,0.11767746392018026,0.03384770183780185,0.036025084956019096,0.073223676326832257,0.05145334490580275,0.054882516030585318
2018-02-28,-0.038000626522333748,-0.06057681779338419,-0.01517503456873541,-0.055024613182021773,-0.047217367908589249,-0.066183404169078183,-0.069398369754466116,-0.065998426627860748,-0.030694250822867294,-0.042309954318632069,-0.042905522235580529
2018-03-30,-0.025150692533163883,-0.012105689266066123,-0.021339671461706528,-0.013722174663748924,-0.018767836709039733,-0.033467724959493635,-0.036517210674585888,0.024931814632129921,0.012810520498331021,-0.022037470196138498,-0.021639330635911874
2018-04-30,0.0036856492694162402,0.027295247155996287,0.0066501380678685258,0.00091549636465925843,-0.0044345550475729367,-0.00023705023713125044,0.040330606140328948,0.027113683874045294,-0.046784468813587964,0.011425536792504212,0.0095043086103989063
2018-05-31,0.023396324029781718,-0.033382394286700333,-0.0098992751145647213,-0.01350857777742197,-0.036076668906888688,0.018199226825298738,-0.036602820270664922,-0.053814709447676516,-0.0016336532878185772,0.0062469476434782595,0.0012477023374259108
2018-06-29,0.0063961587500163189,-0.0067243417478233414,-0.025510984152835394,-0.047655280152633296,-0.042435569490745256,-0.053611324459098358,-0.0097797031581273904,-0.069292840003265729,-0.016862930013256436,-0.00047720058458454321,-0.0054300926292048246
2018-07-31,0.034936129016020383,0.032744929160417019,0.0039859612782571895,0.0069278226353300864,0.021730377080292042,-0.025259255497278813,0.063103542316894981,-0.015488501203640204,0.050098353920885734,0.030755688002207408,0.029710677015433729
2018-08-31,0.031931571663663581,-0.028327960514222941,0.002210438126804791,-0.0082798392385362105,-0.027412655385338977,-0.038701106110474108,0.0095951887459752479,0.018515744988891303,0.010257665076257432,0.012296976608127827,0.0078258229717848952
2018-09-28,0.0041668780732558143,0.0035554073012436342,0.02992680729753032,-0.017070951729312393,-0.0053200099785862768,-0.014088491003770458,-0.095451830475179106,0.0037998756933219522,0.002987433039129662,0.0055526892790879346,0.0043428362754018776
2018-10-31,-0.072283602898053842,-0.079385979153496308,-0.088342228936110268,-0.11565055655311521,-0.091110859714045478,-0.12182048096257445,-0.072326584767239133,-0.1547730871659877,-0.12551956591803357,-0.076263308158415297,-0.07789548684122008
2018-11-30,0.01857965335171825,-0.0093597388030161495,0.0039461398807086427,0.050286816291895485,0.04038403642841961,0.070735141065201942,0.098665413030085261,0.033021289471036899,-0.0074378037935917008,0.01129579358269465,0.014519302179833403
2018-12-31,-0.094883008823431758,-0.047287333853106781,-0.06914137176344072,-0.032159838753460991,-0.026849167717060658,-0.062431783382909986,-0.0013210756472514002,-0.018967295907189163,-0.014042061977161145,-0.07908437038422704,-0.073037741414863661
2019-01-31,0.078635494699161188,0.063801380811400341,0.059209860291964955,0.070669288673081032,0.083934736832064441,0.10488977599869194,-0.019454086439019878,0.098067953918595505,0.017052248511695258,0.074927396652738662,0.075997106649806773
2019-02-28,0.032232304279874072,0.033035348727576255,-0.0003271282955350876,0.016601327681390849,0.0022451835420426347,0.033937964811228225,0.00031494516444042657,-0.019046424880120365,0.04641394796477985,0.029626622098731865,0.026395580363389279
2019-03-29,0.017891875596154735,0.0060820991322919878,0.0056383455518163273,0.018050451272337082,0.008356957338838648,0.024066794323689064,0.088276613263894438,-0.03127965769618947,0.02257353663829826,0.013048952194877502,0.012497801942026064
2019-04-30,0.03898352560860939,0.035130136993936231,0.013773632918349718,0.01793071721156415,0.020834908010003754,0.022031245201872114,0.0055900361598442564,0.0040480372889969193,0.038889782162808639,0.034845105506486722,0.033207880523439426
2019-05-31,-0.065995871064655487,-0.056346154788799813,-0.040406121414619425,-0.092056196386477274,-0.075330183982491625,-0.14026327564457475,0.0021627737789703884,-0.097641672215286149,-0.081008039520552008,-0.059432553903924171,-0.061151082216765448
2019-06-28,0.067464659454152934,0.065014025979143228,0.036741377655192857,0.061571472203374507,0.060542413059938016,0.077246237639875689,-0.0027469801447693102,0.084092797315892531,0.050688509883487463,0.063814694418565743,0.063424993389283549
2019-07-31,0.014978741385165526,-0.019561947088050802,0.0013920605644523675,-0.015968017371113901,-0.012303674701755449,-0.0054343414179283895,-0.053550289433431708,-0.063802720451029402,0.031793104045870185,0.0049411107461060349,0.0029260249483582614
2019-08-30,-0.018214454809483555,-0.025473796388890513,-0.010184649382677404,-0.03839997962825456,-0.049984969781436996,-0.042757884251822816,-0.029674563160848176,-0.05155981451108705,-0.022557797987121382,-0.02066665285399201,-0.024008428598713296
2019-09-30,0.017200631634775313,0.026851504748792176,0.039624186115283559,0.019690703161387001,0.018909308819061225,-0.00025399706437018572,0.030301394053683477,0.069191713643074138,0.041350592212814764,0.0210577782259724,0.020823484291869653
2019-10-31,0.021188916429686715,0.031594363966935476,0.047385848705248951,0.043902964502416528,0.041302593004739499,0.039573850351954987,0.042341958607530518,0.04479973402915808,0.078230543413923589,0.025129005771299111,0.027000906284693049
2019-11-29,0.036275107893190682,0.014830570786746699,0.0055995353974517713,0.0052873254988855048,-0.0013780681749542343,0.017673704814986504,-0.0056315693709679251,-0.015073719104295004,0.015216749427378315,0.027469498910462509,0.024118148962661227
2019-12-31,0.028434801794017511,0.038318505075718406,0.020637255130700142,0.068704508622697558,0.071953610830609416,0.080013821156696585,0.015088557568121106,0.096016933045255798,0.071534846959937462,0.02951822219698115,0.0346094380212775
2020-01-31,0.0015943137811058469,-0.025466590955245907,-0.013697449723177581,-0.045913823002624428,-0.047736516571747836,-0.049223073991788525,-0.0079290294365712485,-0.054575839526766728,-0.048094540627530886,-0.0061052954622681996,-0.011107653599722033
2020-02-28,-0.085690540651898031,-0.097354313149366059,-0.095904070342147402,-0.029028390428361136,-0.054174811733357739,0.0096765623856912546,-0.075502913210768269,-0.076374217709066425,-0.019054238700235523,-0.08831251799708198,-0.08421867853410564
2020-03-31,-0.1361689750309413,-0.15597990089857697,-0.074160637777152788,-0.12464933859442602,-0.16726132482605904,-0.068212674875406484,-0.28946607199244029,-0.12324933537847313,-0.14440140540223567,-0.14195845080164612,-0.14502969551193484
2020-04-30,0.12323206210921889,0.057618543196175535,0.052494322935403959,0.087765376370735157,0.087619251913025081,0.061229255680230951,0.14963990555347637,0.078577903515203343,0.13203182280577827,0.10367888359831637,0.10176668120721344
2020-05-29,0.050063228597333795,0.044533768779039168,0.05752861267386989,-0.0029583487515367456,0.0076530350405484282,-0.0049484097010208802,-0.028204229344873558,0.022123225157834676,-0.025530819650750346,0.047177662376419759,0.042571939105739857
2020-06-30,0.02214202042027124,0.039859590945060336,-0.00014077075884395314,0.079206130841882036,0.070932733390605518,0.086010674242476493,0.065740941582302745,0.0778296427267295,0.087320114132035734,0.026107237778243388,0.031452650334780195
2020-07-31,0.057318729154304027,0.037706931438285594,-0.016000145116935795,0.09228722897428443,0.085590887983141392,0.090243387240336176,0.098781088198416162,0.069856928120520745,0.15079382812585471,0.04673223915252963,0.051535818805922562
2020-08-31,0.071915416636813001,0.040319846348530135,0.073361817927900225,0.03161053301626341,0.021864767747283364,0.055202009163590672,0.03435650573799752,0.020474390782668835,-0.017958094116773994,0.064676911938574125,0.059405422093028355
2020-09-30,-0.038382657811202196,-0.033888599009355543,0.0097392940719685083,-0.011284500990771001,-0.016169946631032397,-0.027705037900250862,0.0062053824420424987,0.03034937031089625,0.020197118554980811,-0.035108278053718335,-0.032774752150073132
2020-10-30,-0.026676315046026952,-0.058049191855127504,-0.016115122477951795,0.032420738184927335,0.02039366463576436,0.051540768126360728,0.01117708334756233,0.0063976256752663625,0.012931983027792237,-0.031155358715699646,-0.024608744273991491
2020-11-30,0.10899385956242966,0.1571175916746862,0.1177238585160867,0.072192780940750448,0.088456921848478476,0.027352943187776941,0.082723170580405139,0.16450857636157357,0.095543558522977204,0.12032343884400863,0.11623784170024536
2020-12-31,0.040006246315469986,0.045998609203003235,0.040437206651777989,0.068140482079659767,0.070936891889930617,0.027297665850696769,0.097051836545185122,0.15315263388641853,0.09972992199507108,0.041522576689120981,0.045383753422528109
2021-01-29,-0.0096143447357607582,-0.014587782365652148,-0.010059550904425731,0.042428666034574104,0.030198089968364959,0.071046258098165976,-0.023573998278334958,0.01169867702479477,0.063200995994435932,-0.0099883226113336946,-0.0045584557797364311
2021-02-26,0.025368971995177885,0.024153684817067027,0.015029948130973149,0.0092665515117900631,0.0076193794610766342,-0.010408639487048494,0.050970610819829752,0.0021303679477006742,0.044967072714668724,0.025301516133017937,0.022899345671505877
2021-03-31,0.036557888421068184,0.030425092567852953,0.01056293793610113,-0.030277220110155968,-0.015218935409099769,-0.064909088685420765,0.022437320336820474,0.0022604538181578921,-0.0046236950646258573,0.032730529562029452,0.026358924399126391
2021-04-30,0.052738546266758272,0.044440853844760798,-0.015343256292162344,0.023792082865874292,0.024593464225077792,0.01378287841321842,-0.0093024148924725318,0.029178174861569851,0.074225134910451449,0.045489621830202109,0.042793641056450775
2021-05-31,0.0043732955258173733,0.04083674640360254,0.015439422394568835,0.012336048711980041,0.022925220231022357,0.0076628891623789263,0.083149664037907967,0.0042470199655351201,-0.012025333491815862,0.014302693022283949,0.015442369354373743
2021-06-30,0.027132460652864034,-0.013697603007538528,-0.0029072385313413255,0.0008716999260636306,0.001722285662432274,0.00097823362863449495,-0.0070000905503922774,0.013778549410318591,0.0063315916689621219,0.014794806442712591,0.01309137689047927
2021-07-30,0.023085690085357529,0.018317697655697362,-0.012742387831063009,-0.0845414399836385,-0.069670835339186069,-0.14900160501588372,0.0085741930805794033,-0.058229892043257105,-0.022328527706222671,0.017754352507920252,0.0068670981386580584
2021-08-31,0.028696485183850793,0.014999381723844782,0.030237614920220979,0.026069427584916139,0.025839746620519868,3.9885113410926512e-05,0.10383258645258844,-0.015718852076182042,0.043726454728263149,0.024583670123585019,0.024721404240850096
2021-09-30,-0.048685868201905909,-0.048960586532312861,0.027136663257445761,-0.042301996268367947,-0.040552111427065232,-0.051533058065017137,0.0060172809901702607,-0.067946445999515881,-0.042238575969444497,-0.042407171010699164,-0.042187306071630751
2021-10-29,0.067174381584978432,0.044059242108690708,-0.034216849574161282,0.012620503897494847,0.0098145816115288095,0.031067613269866373,-0.0079906054372289922,-0.023294061482836744,0.0063677750280464263,0.055094588671718556,0.049783557192297614
2021-11-30,-0.010533729040991631,-0.052953578080351893,-0.024960588123023188,-0.037009471981256876,-0.041605255282184866,-0.061565642403917306,-0.030823457376977406,-0.046842106887439075,0.021773738934370204,-0.022156622562761429,-0.024374814638082505
2021-12-31,0.038419221210942302,0.063952105320927766,0.018763987420655413,0.014577116902547439,0.018587975964073817,-0.032029501484446138,0.036663458401696443,0.061119789306490327,0.052802494702274202,0.041851970575723471,0.039220826250831467
2022-01-31,-0.058535918190659231,-0.046837741966771505,-0.052063652528030718,-0.035495063803677306,-0.019110669590400579,-0.029944375910226136,-0.013764137504919734,-0.10717266591347595,-0.019873733197407255,-0.054362044142040579,-0.050359363644091708
2022-02-28,-0.030159111371490788,-0.028647090322305419,-0.011242542829426121,-0.023780302637616324,-0.030345954740359123,-0.039778999117923014,-0.040864946917795457,0.0073579987778103432,-0.025791903814917912,-0.02561659189205218,-0.026166696140723578
2022-03-31,0.034169981429055134,-0.0010375375302294199,-0.0050357318762797769,-0.031673406216946025,-0.022844309232451902,-0.083339413314195476,0.035877572577380931,-0.00072951226275725788,-0.02236923649186293,0.027073615582453713,0.02142766282769595
2022-04-29,-0.095275556036053824,-0.059231789956085606,-0.092163398006024744,-0.052156890433739236,-0.057234098043901269,-0.04169442865001588,-0.016859123257329262,-0.065360202881473359,-0.10328439900422459,-0.086727872287299529,-0.083427061606084554
2022-05-31,-0.0027096406530421249,0.0074526519142716144,0.016247780768841997,0.0039617727619158617,0.004393699048545115,0.011717247847961595,-0.060008230158596618,0.018263785792311096,0.035562820632808585,0.00075711165416486516,0.0011696097569435788
2022-06-30,-0.086835737515658915,-0.1047771980198738,-0.082223730838457715,-0.049645081973588377,-0.068761065618403908,0.063535625918314215,-0.069842793442375525,-0.18738604629606467,-0.15305507426575421,-0.090605429033089629,-0.08806239160372277
2022-07-29,0.088865510657280961,0.048309286824525913,0.055425783566445376,-0.01283852417944141,-0.0024598537890810216,-0.099788213096650757,0.089133050794613422,0.056469840050420259,0.029093054821133505,0.076401894265929554,0.067502128901946692
2022-08-31,-0.040461841823675355,-0.064322958346575337,-0.025871752450122232,0.0036333598015709195,0.0041668016391286523,0.002231590942620668,0.040264903872495726,-0.033744650076484896,-0.013054524867265936,-0.042706950894644026,-0.037509641118866593
2022-09-30,-0.097740406300763708,-0.090979529143267249,-0.10938030508579706,-0.14193442082502764,-0.12469357882730092,-0.15729047600415652,-0.066459880412487238,-0.20184768819190371,-0.17239832243368566,-0.097568527531447694,-0.10062662797649041
2022-10-31,0.076093041057989225,0.069219445400621263,0.029209294868548109,-0.060362315191199674,-0.031539329816086772,-0.18403975742438222,0.025325301965117369,0.080146889059470094,-0.052558244509748268,0.069351477922855662,0.058596249106159702
2022-11-30,0.052397795236383014,0.10751143125123146,0.092370649995754714,0.17147511683259137,0.13829684875291443,0.26011715507150446,0.050626625422150004,0.1393141177793891,0.20059519940735107,0.067219734715152607,0.074702224831227945
2022-12-30,-0.061017455643324253,0.00012488803763516603,0.0026617566357145291,-0.0082443276766206199,-0.014154875099662394,0.050703560056746394,-0.056308187939398194,-0.052925834750569986,-0.056119980145638799,-0.043395430763480604,-0.040146036697449955
2023-01-31,0.063431435953312104,0.083188640313250267,0.060289519138256614,0.08275902588995307,0.075999405253492497,0.11136776481917068,-0.030370316325947985,0.11671627894151514,0.11931452505924531,0.06836502315576487,0.069224561324495032
2023-02-28,-0.024671292085189905,-0.0062208621808243873,-0.039143407630106063,-0.07115810204743768,-0.067040709900179546,-0.10953438777036632,-0.046767945943640109,-0.072522442664291781,-0.01137401435027254,-0.024332148475171896,-0.029078524627045185
2023-03-31,0.034436189508449615,0.023427867343215419,0.038880021790825517,0.035352643087058822,0.029838030194601264,0.044170152145943969,0.011526021344534076,0.047251600120580897,0.029669732065744404,0.030431923668331279,0.03036660475124282
2023-04-28,0.012333257468926608,0.040694153690717619,0.0036532976344662627,-0.023834749589319384,-0.011396917290469622,-0.052948399848656756,0.040818520439503299,-0.0093058495846769576,-0.043408684177017862,0.017377607973330572,0.014270187146136018
2023-05-31,0.0059508923741632483,-0.060459341798471872,0.018433908987786823,-0.010597280597493184,-0.016939481100333224,-0.088086254488839361,0.028702583348156965,0.046890057802667327,0.070834649154343801,-0.010033566811281496,-0.01076814959877403
2023-06-30,0.064187701096146757,0.04678052896851248,0.040134795591189321,0.026717502411756241,0.037265609665395327,0.038909221764082985,0.045891556101996946,0.005791374423796335,0.016765472943117393,0.058719539560183005,0.056437912661865229
2023-07-31,0.033567066746238022,0.030203831220130432,0.029740816952103333,0.060493258087049279,0.060390946664335157,0.10218370956236154,0.029437399760817544,0.062957872775579293,0.0077783090478284874,0.033040895066902345,0.03595375958612778
2023-08-31,-0.017525848905016846,-0.040478596142487763,-0.024524748329194438,-0.063645853854725917,-0.063579520019802813,-0.093821078118203824,-0.01922922452777508,-0.079024149041687503,-0.045933445297837827,-0.024175620179940085,-0.028341648455610095
2023-09-29,-0.048335322607047329,-0.040546880965733403,-0.021227470088301208,-0.026250652610178445,-0.026499460074850399,-0.027923032313088101,0.016603830156302762,-0.052474903875742093,-0.038492563825009617,-0.044096527369736231,-0.042230130757339189
2023-10-31,-0.023561631230442342,-0.038057450969335604,-0.046083882144620995,-0.040352035628639961,-0.039628956439610348,-0.04356003623096167,-0.030198510420127434,-0.072528707528624226,-0.016740286672806092,-0.029445090221396325,-0.030528183418025094
2023-11-30,0.089525937491872806,0.094121760743808749,0.0820867684340989,0.073195633975359192,0.076988292487018523,0.024890775756684982,0.064682828553980901,0.15051117054452179,0.12366150809482018,0.089614088838842865,0.088281656340479631
2023-12-29,0.045657201692824487,0.048747545456318812,0.042731801419024211,0.0321021095276285,0.038348676019629116,-0.02440399085068037,0.077913282449944263,0.064051564351301854,0.053504325769195574,0.047927167978281671,0.046915989299590233
2024-01-31,0.015197676296314303,-0.0011705892905553076,0.045145848885225118,-0.053633900773330349,-0.047545217508575363,-0.11218255101497424,0.023824782732466052,-0.10524758889667765,-0.011839692921949136,0.011928614047613105,0.0058453399802820116
2024-02-29,0.051811133907403696,0.015447330029918542,0.029523428601708746,0.056885766020901569,0.046475010121709834,0.08060392249724338,0.02702793031219811,0.071020011624474966,0.053076652225522443,0.041523884963554955,0.042018095414954902
2024-03-29,0.030985469394388947,0.036698689707255414,0.029740758106939907,0.029737353393548421,0.024477802278577519,0.009387874469715481,0.0080727453634058949,0.050295825945716216,0.075912773720752363,0.031629321859433068,0.030913874300001323
2024-04-30,-0.04238841904727618,-0.019119239892869497,-0.049790331343742229,0.0092357264025054245,0.0044641912396701259,0.063875188160384427,0.022906754497830834,-0.059352377297660297,-0.023280623340682573,-0.037852180987217779,-0.033549350305535804
2024-05-31,0.046225984698877592,0.047300316598976204,0.013331581397590338,0.014051695041567695,0.0056316172564404394,0.023702951348616951,0.0070683172328534884,-0.036681531818854897,0.051668063159441301,0.043683878050487124,0.039810357574603758
2024-06-28,0.034797990513252608,-0.022723122233962792,-0.0071513393630490462,0.048440261008528003,0.038686513099911439,-0.019075724475986097,0.067216539443341938,0.084312791523176792,0.11222999758937022,0.020143593995277598,0.022027820369143164
2024-07-31,0.0122270517630697,0.021243943491522518,0.056362054899199286,-0.0027601623999080811,0.0029705447390911723,-0.013374022674135736,0.038975979429222346,-0.0048639346274735899,-0.043760647846442645,0.017468964316951958,0.015998937673550283
2024-08-30,0.023426311668481772,0.038663260228504637,0.0050557116102010642,0.016151032094807217,0.016017110729255577,0.0099967504247138461,0.01046133916569785,-0.022363614714940302,0.033512702069060922,0.02608722503367877,0.025079261904589964
2024-09-30,0.02095538056112517,0.0038535272700747449,-0.0057675037978379773,0.077063705436486482,0.064639727908166064,0.21434300382332472,0.020900398827274035,-0.030340814506649622,0.015128042683806334,0.018148245763522412,0.022965290335046691
2024-10-31,-0.0076568882935679388,-0.060726138090092495,-0.03973662849341681,-0.046797776331115121,-0.045492421136569094,-0.060964922026373859,-0.086238554888412089,-0.078444331328615682,0.036633987740291259,-0.020036253919409081,-0.022702487264447388
2024-11-29,0.060320988167531252,-0.016988498197298238,0.006533321407365361,-0.037763296777785317,-0.036592031550309032,-0.045380759818274809,-0.0041654283632509836,-0.059001444173635752,-0.045856358967229574,0.044864925180405246,0.036721205415337417
2024-12-31,-0.026120417158631271,-0.024747322955100019,-0.0034432959254373056,0.0023927590220361784,-0.0013738932875285274,0.026539796625261805,-0.029754834668792061,-0.075913371357266002,0.042093707209549393,-0.02640621169624684,-0.023956461789734228
2025-01-31,0.029747884932987988,0.066586263178736754,0.015522498893954314,0.0073183640486493909,0.017713333633869781,0.0091642872989023943,-0.03620228515671825,0.061008681878374833,0.032461591073119599,0.034680264190501887,0.033015064285559163
2025-02-28,-0.016223795771110307,0.036078227549628909,-0.013654943582657307,0.0066134553033302202,0.0048330145632275515,0.11120793771447894,-0.083577452558267831,-0.0031712996210460642,-0.044833843406993014,-0.0072232204778899609,-0.0060426783787726505
2025-03-31,-0.060665333726064447,-0.0030162765675398715,0.0014858940037514646,-0.00056556925618858459,0.0063091477635944708,0.019600749994885154,0.089804041615485566,-0.0098555978951868281,-0.12264586305232519,-0.045542019257893813,-0.040306141966810594
2025-04-30,-0.0053829033575858321,0.042801083064352145,0.050979247713824623,0.0075453067035966921,0.013056713035735723,-0.043638214371037411,0.047006943300344134,0.045713480267890343,0.024138760763416332,0.0088477940335590297,0.0092833677337349658
2025-05-30,0.062158013359592236,0.044596576079860444,0.039676582987186633,0.048717930777376781,0.041776939868527693,0.027037002581512183,0.011160220691085724,0.075178586250164339,0.11812037142600372,0.057506212882188872,0.05588759310942696
2025-06-30,0.04982103222668291,0.020368305691071453,0.016948939706798154,0.060737124373338461,0.058388552650163128,0.036476171862827325,0.030058132211016497,0.16210120019882043,0.089589096151692346,0.042247857215328505,0.043922306058598391
2025-07-31,0.022403603904172228,-0.017961962778140321,-0.014107690435096871,0.024373324560811465,0.019301589564797855,0.046921385898467234,-0.052334558723503399,0.039314015603142773,0.052834308886370258,0.012790497800090119,0.013470657024597809
2025-08-29,0.019102016072393747,0.033842419588380281,0.067213025519489433,0.0074297347547590542,0.012744825648813634,0.048187903267626349,-0.031785410016429157,-0.019242668100871222,-0.0085314661004694484,0.025751035450400465,0.024391052796490755
2025-09-30,0.035713668670225934,0.019642019907480126,0.02406076291670154,0.07190482017134997,0.069091738165511216,0.09304802191437761,0.0050057260768853959,0.099901612807885051,0.0896345207451964,0.031640013377693371,0.035600652759151238
2025-10-31,0.023269763535747071,0.0073696172810934404,0.033383293961502976,0.048174256600926633,0.040941456930806509,-0.03891073942521988,0.042941495397315246,0.20418399260224313,0.093858849766762453,0.019827429505923817,0.022119503538720851
2025-11-28,-3.8085896176059759e-05,0.01454898799688773,-0.0069394502014297511,-0.032916815013141761,-0.024205707728430788,-0.02531242566359353,0.0086555838851203395,-0.082294774314199612,-0.051375319511885217,0.0028207817242542907,-0.00011102762416720366
2025-12-31,-0.00022824148656898707,0.038264829758161631,0.0053669700972649751,0.029096695034678554,0.029474502380863177,-0.012437110939934749,-0.0048773064029172522,0.11953612028668505,0.056463874633595985,0.0080509046299362067,0.010382367750665551
2026-01-30,0.012604397300748367,0.043527270802074608,0.063829130771719214,0.079493579658136762,0.084826064788182373,0.045898148784398157,-0.052368572870122851,0.24774720190713403,0.10569170671465782,0.022132297297634079,0.029213482568585938
2026-02-27,-0.0091525145530912001,0.032196876390621673,0.082390762031399445,0.060449630462540302,0.053496887164538938,-0.059408321665430572,0.014030346805711828,0.19900142514166619,0.12004491960199332,0.0072983823526804881,0.012773602734152572
2026-03-31,-0.050602743759686611,-0.10430046382287209,-0.13263218148454536,-0.15517120027206271,-0.1399746374060549,-0.080087642615115071,-0.16174876344133446,-0.29364679779273073,-0.13876465312605418,-0.065813998345971167,-0.074526440253699491
2026-04-30,0.099633751150792232,0.068538231008656678,0.087572637937225403,0.16123332253179271,0.1372443441489648,0.035690303174874038,0.087660544345265018,0.32371955167267408,0.23286893433850223,0.091592775047092914,0.096886720839074542
